candidate_id,fold,cell_id,actual,predicted
C000,1,b1c5,1074.0,795.0
C000,1,b1c6,636.0,795.0
C000,1,b1c7,870.0,795.0
C000,1,b1c18,691.0,795.0
C000,1,b1c19,788.0,795.0
C000,1,b1c20,534.0,795.0
C000,1,b1c32,731.0,795.0
C000,1,b1c33,757.0,795.0
C000,1,b1c42,702.0,795.0
C000,1,b1c43,651.0,795.0
C000,2,b1c11,788.0,790.1578947368421
C000,2,b1c14,880.0,790.1578947368421
C000,2,b1c15,719.0,790.1578947368421
C000,2,b1c28,860.0,790.1578947368421
C000,2,b1c29,917.0,790.1578947368421
C000,2,b1c30,709.0,790.1578947368421
C000,2,b1c38,617.0,790.1578947368421
C000,2,b1c39,625.0,790.1578947368421
C000,2,b1c44,616.0,790.1578947368421
C000,3,b1c9,1054.0,745.5263157894736
C000,3,b1c16,862.0,745.5263157894736
C000,3,b1c17,857.0,745.5263157894736
C000,3,b1c24,1017.0,745.5263157894736
C000,3,b1c25,854.0,745.5263157894736
C000,3,b1c27,842.0,745.5263157894736
C000,3,b1c34,742.0,745.5263157894736
C000,3,b1c35,703.0,745.5263157894736
C000,3,b1c37,648.0,745.5263157894736
C001,1,b1c5,1074.0,904.4852843226699
C001,1,b1c6,636.0,718.3430016361195
C001,1,b1c7,870.0,963.984422128741
C001,1,b1c18,691.0,1532.3043492756146
C001,1,b1c19,788.0,801.8726963255243
C001,1,b1c20,534.0,-174.76366850298893
C001,1,b1c32,731.0,684.735192814026
C001,1,b1c33,757.0,848.337481368288
C001,1,b1c42,702.0,844.4937096120931
C001,1,b1c43,651.0,547.7228171195649
C001,2,b1c11,788.0,988.8311857422242
C001,2,b1c14,880.0,598.3694127405951
C001,2,b1c15,719.0,552.6948659889617
C001,2,b1c28,860.0,650.1355732958505
C001,2,b1c29,917.0,860.1753207247431
C001,2,b1c30,709.0,787.5064826336474
C001,2,b1c38,617.0,689.6215493428915
C001,2,b1c39,625.0,651.6922296808541
C001,2,b1c44,616.0,449.9545093134115
C001,3,b1c9,1054.0,903.2894946697277
C001,3,b1c16,862.0,838.5228257454866
C001,3,b1c17,857.0,696.3588562517266
C001,3,b1c24,1017.0,917.7583600491727
C001,3,b1c25,854.0,889.6420607021738
C001,3,b1c27,842.0,758.7046186455552
C001,3,b1c34,742.0,787.8038428271688
C001,3,b1c35,703.0,776.9296857685434
C001,3,b1c37,648.0,860.6826858205247
C002,1,b1c5,1074.0,906.4869301956712
C002,1,b1c6,636.0,718.2245891206728
C002,1,b1c7,870.0,962.1222692588632
C002,1,b1c18,691.0,1495.2439308530347
C002,1,b1c19,788.0,799.7346917341084
C002,1,b1c20,534.0,-161.91688147928494
C002,1,b1c32,731.0,685.8361785210169
C002,1,b1c33,757.0,844.0966163926677
C002,1,b1c42,702.0,844.2747819244147
C002,1,b1c43,651.0,553.1701078023223
C002,2,b1c11,788.0,934.8084922098745
C002,2,b1c14,880.0,669.6063899977429
C002,2,b1c15,719.0,626.642729143004
C002,2,b1c28,860.0,685.2070118010186
C002,2,b1c29,917.0,850.5374435767269
C002,2,b1c30,709.0,774.4078826098022
C002,2,b1c38,617.0,687.2709343598156
C002,2,b1c39,625.0,664.2767130860209
C002,2,b1c44,616.0,471.36239476656044
C002,3,b1c9,1054.0,909.0016835529915
C002,3,b1c16,862.0,826.0794322010229
C002,3,b1c17,857.0,728.8476169961824
C002,3,b1c24,1017.0,909.5699508611057
C002,3,b1c25,854.0,877.1376310650222
C002,3,b1c27,842.0,755.4209515826587
C002,3,b1c34,742.0,799.2277831356826
C002,3,b1c35,703.0,793.6543595983663
C002,3,b1c37,648.0,854.1863645483897
C003,1,b1c5,1074.0,899.8102059103767
C003,1,b1c6,636.0,711.6823551448047
C003,1,b1c7,870.0,933.4246481708016
C003,1,b1c18,691.0,1246.0189001160443
C003,1,b1c19,788.0,784.3451208719375
C003,1,b1c20,534.0,-107.79993565672214
C003,1,b1c32,731.0,690.7094293445168
C003,1,b1c33,757.0,817.7679868833832
C003,1,b1c42,702.0,842.822484555668
C003,1,b1c43,651.0,583.9138282383403
C003,2,b1c11,788.0,845.3413593946256
C003,2,b1c14,880.0,738.2754771196751
C003,2,b1c15,719.0,688.72206503602
C003,2,b1c28,860.0,728.4931540219468
C003,2,b1c29,917.0,844.658558322551
C003,2,b1c30,709.0,747.6820614548978
C003,2,b1c38,617.0,685.2895860046747
C003,2,b1c39,625.0,703.6672039528372
C003,2,b1c44,616.0,602.8524942374374
C003,3,b1c9,1054.0,903.1972300961935
C003,3,b1c16,862.0,815.3690683440681
C003,3,b1c17,857.0,777.9509940503572
C003,3,b1c24,1017.0,881.6457453645269
C003,3,b1c25,854.0,844.4241900196907
C003,3,b1c27,842.0,741.4246868180091
C003,3,b1c34,742.0,811.7262310119304
C003,3,b1c35,703.0,819.6578934163041
C003,3,b1c37,648.0,836.6735940268792
C004,1,b1c5,1074.0,841.3383328986495
C004,1,b1c6,636.0,731.2116340598252
C004,1,b1c7,870.0,821.9923591592668
C004,1,b1c18,691.0,963.2509709446472
C004,1,b1c19,788.0,756.0707550330026
C004,1,b1c20,534.0,199.99942984664347
C004,1,b1c32,731.0,717.2763707136528
C004,1,b1c33,757.0,762.2519411542169
C004,1,b1c42,702.0,819.631496227706
C004,1,b1c43,651.0,677.4874582515928
C004,2,b1c11,788.0,797.4321220798282
C004,2,b1c14,880.0,803.5799522161785
C004,2,b1c15,719.0,768.521190499821
C004,2,b1c28,860.0,776.0777794441249
C004,2,b1c29,917.0,826.6965275963368
C004,2,b1c30,709.0,751.3016292291038
C004,2,b1c38,617.0,733.3191442005024
C004,2,b1c39,625.0,771.0709298258431
C004,2,b1c44,616.0,754.9026038926437
C004,3,b1c9,1054.0,847.6620930449064
C004,3,b1c16,862.0,805.2408407882758
C004,3,b1c17,857.0,800.0479861492043
C004,3,b1c24,1017.0,820.178684502768
C004,3,b1c25,854.0,792.7683260099652
C004,3,b1c27,842.0,727.3500753998625
C004,3,b1c34,742.0,798.9593246808911
C004,3,b1c35,703.0,818.7917420901975
C004,3,b1c37,648.0,797.2432732619305
C005,1,b1c5,1074.0,807.8706149223015
C005,1,b1c6,636.0,784.6698805587287
C005,1,b1c7,870.0,785.8436702622242
C005,1,b1c18,691.0,938.7831463089228
C005,1,b1c19,788.0,776.534489010542
C005,1,b1c20,534.0,643.5670776534523
C005,1,b1c32,731.0,770.4616864831578
C005,1,b1c33,757.0,770.5345252862896
C005,1,b1c42,702.0,794.277829344968
C005,1,b1c43,651.0,764.6039260727414
C005,2,b1c11,788.0,797.7190695350481
C005,2,b1c14,880.0,806.568460962861
C005,2,b1c15,719.0,797.4686189004938
C005,2,b1c28,860.0,794.1581059301918
C005,2,b1c29,917.0,802.1692420710963
C005,2,b1c30,709.0,779.7757744012155
C005,2,b1c38,617.0,779.7579129817052
C005,2,b1c39,625.0,792.570395816898
C005,2,b1c44,616.0,784.6107906273959
C005,3,b1c9,1054.0,775.8774845926604
C005,3,b1c16,862.0,763.6009242153407
C005,3,b1c17,857.0,763.8429161685906
C005,3,b1c24,1017.0,771.4544534829565
C005,3,b1c25,854.0,765.413959240457
C005,3,b1c27,842.0,743.0667144087881
C005,3,b1c34,742.0,763.2425271695589
C005,3,b1c35,703.0,769.3374868755355
C005,3,b1c37,648.0,761.7750214577673
C006,1,b1c5,1074.0,924.4215680016349
C006,1,b1c6,636.0,727.6059763774858
C006,1,b1c7,870.0,983.287238675474
C006,1,b1c18,691.0,2276.559239472917
C006,1,b1c19,788.0,793.6196740793264
C006,1,b1c20,534.0,253.5171991352347
C006,1,b1c32,731.0,688.4558486735837
C006,1,b1c33,757.0,832.4665421200281
C006,1,b1c42,702.0,827.8553282730416
C006,1,b1c43,651.0,582.5824634516343
C006,2,b1c11,788.0,996.8448191110907
C006,2,b1c14,880.0,625.3008536386164
C006,2,b1c15,719.0,591.7485021291911
C006,2,b1c28,860.0,660.7872983664663
C006,2,b1c29,917.0,844.2500252060686
C006,2,b1c30,709.0,786.6769492483506
C006,2,b1c38,617.0,700.8676447816415
C006,2,b1c39,625.0,669.1277874297824
C006,2,b1c44,616.0,508.31598070400315
C006,3,b1c9,1054.0,906.2312743544435
C006,3,b1c16,862.0,828.9193081512918
C006,3,b1c17,857.0,687.3883749019324
C006,3,b1c24,1017.0,925.422838318701
C006,3,b1c25,854.0,898.0394472208365
C006,3,b1c27,842.0,760.2700177780565
C006,3,b1c34,742.0,775.1040407305113
C006,3,b1c35,703.0,756.2313388447523
C006,3,b1c37,648.0,850.5201134521284
C007,1,b1c5,1074.0,923.4549508788789
C007,1,b1c6,636.0,726.0710551102574
C007,1,b1c7,870.0,978.3802374198453
C007,1,b1c18,691.0,2156.723619204628
C007,1,b1c19,788.0,791.2350829679617
C007,1,b1c20,534.0,255.02188189426286
C007,1,b1c32,731.0,688.8976045423682
C007,1,b1c33,757.0,828.3562408747221
C007,1,b1c42,702.0,827.9353888498224
C007,1,b1c43,651.0,585.6611603254681
C007,2,b1c11,788.0,931.1909184846982
C007,2,b1c14,880.0,683.4946153889706
C007,2,b1c15,719.0,648.8707816919022
C007,2,b1c28,860.0,690.4327121997776
C007,2,b1c29,917.0,834.252991348639
C007,2,b1c30,709.0,773.5841309424076
C007,2,b1c38,617.0,698.4408156519061
C007,2,b1c39,625.0,679.5863805934266
C007,2,b1c44,616.0,522.3138658603964
C007,3,b1c9,1054.0,912.6098215682866
C007,3,b1c16,862.0,816.2179664970071
C007,3,b1c17,857.0,716.0445468297278
C007,3,b1c24,1017.0,915.7992547275768
C007,3,b1c25,854.0,883.8583054882565
C007,3,b1c27,842.0,756.8539783013537
C007,3,b1c34,742.0,786.3582746175944
C007,3,b1c35,703.0,772.5221675535354
C007,3,b1c37,648.0,843.6428181050856
C008,1,b1c5,1074.0,905.3880055173607
C008,1,b1c6,636.0,715.3075345610606
C008,1,b1c7,870.0,935.8693616563202
C008,1,b1c18,691.0,1533.9331475000522
C008,1,b1c19,788.0,775.1992540021668
C008,1,b1c20,534.0,263.66823377127605
C008,1,b1c32,731.0,691.3480825643976
C008,1,b1c33,757.0,802.402359044504
C008,1,b1c42,702.0,827.6064134572645
C008,1,b1c43,651.0,605.5224304508347
C008,2,b1c11,788.0,830.4164795853568
C008,2,b1c14,880.0,743.0649398455053
C008,2,b1c15,719.0,698.5306556335621
C008,2,b1c28,860.0,728.3656685226496
C008,2,b1c29,917.0,829.1542603868447
C008,2,b1c30,709.0,746.207004934708
C008,2,b1c38,617.0,694.1043670652952
C008,2,b1c39,625.0,712.4351763609841
C008,2,b1c44,616.0,616.9523950856001
C008,3,b1c9,1054.0,905.3606764143082
C008,3,b1c16,862.0,805.7788397873803
C008,3,b1c17,857.0,762.8018261431233
C008,3,b1c24,1017.0,883.1320784210931
C008,3,b1c25,854.0,846.7813967597499
C008,3,b1c27,842.0,741.7180763286531
C008,3,b1c34,742.0,799.5990136643144
C008,3,b1c35,703.0,800.4184669976845
C008,3,b1c37,648.0,825.4217061710069
C009,1,b1c5,1074.0,835.0533158472182
C009,1,b1c6,636.0,727.9265659334426
C009,1,b1c7,870.0,810.067034965057
C009,1,b1c18,691.0,1032.9341372886386
C009,1,b1c19,788.0,747.0074918825183
C009,1,b1c20,534.0,375.16904480434266
C009,1,b1c32,731.0,712.5473852737908
C009,1,b1c33,757.0,749.328480834764
C009,1,b1c42,702.0,805.9984485384375
C009,1,b1c43,651.0,677.6696188819401
C009,2,b1c11,788.0,780.3910066482468
C009,2,b1c14,880.0,799.438003829358
C009,2,b1c15,719.0,762.9864159574163
C009,2,b1c28,860.0,769.9403220897202
C009,2,b1c29,917.0,813.7768440510872
C009,2,b1c30,709.0,743.7247351610412
C009,2,b1c38,617.0,728.7441128977471
C009,2,b1c39,625.0,768.0661970384756
C009,2,b1c44,616.0,747.0715828070373
C009,3,b1c9,1054.0,842.9750953632282
C009,3,b1c16,862.0,795.7357877625886
C009,3,b1c17,857.0,787.4647211121791
C009,3,b1c24,1017.0,815.4109048858606
C009,3,b1c25,854.0,789.9481508381285
C009,3,b1c27,842.0,723.6670875054579
C009,3,b1c34,742.0,788.9315408393812
C009,3,b1c35,703.0,805.6816103102834
C009,3,b1c37,648.0,786.5490492795707
C010,1,b1c5,1074.0,798.5238340250133
C010,1,b1c6,636.0,775.4533459292129
C010,1,b1c7,870.0,774.7549887959211
C010,1,b1c18,691.0,961.3871938814614
C010,1,b1c19,788.0,766.1600288172774
C010,1,b1c20,534.0,647.430940258926
C010,1,b1c32,731.0,760.5827185792273
C010,1,b1c33,757.0,759.2207776203279
C010,1,b1c42,702.0,783.0434256774362
C010,1,b1c43,651.0,754.8845759708391
C010,2,b1c11,788.0,784.4847926026976
C010,2,b1c14,880.0,796.4231711064571
C010,2,b1c15,719.0,786.5373471368762
C010,2,b1c28,860.0,783.3314245378876
C010,2,b1c29,917.0,789.9625413681105
C010,2,b1c30,709.0,767.6851212047139
C010,2,b1c38,617.0,768.119761760824
C010,2,b1c39,625.0,782.0468128042919
C010,2,b1c44,616.0,772.9193807177433
C010,3,b1c9,1054.0,766.5991803148324
C010,3,b1c16,862.0,753.3851246967783
C010,3,b1c17,857.0,753.013009724356
C010,3,b1c24,1017.0,762.9305966033753
C010,3,b1c25,854.0,757.6209452604401
C010,3,b1c27,842.0,734.335375667908
C010,3,b1c34,742.0,753.292627871971
C010,3,b1c35,703.0,758.604550459253
C010,3,b1c37,648.0,751.7389117541542
C011,1,b1c5,1074.0,828.532067969068
C011,1,b1c6,636.0,798.4932019277023
C011,1,b1c7,870.0,876.791734126984
C011,1,b1c18,691.0,781.4106110186115
C011,1,b1c19,788.0,861.9371494708995
C011,1,b1c20,534.0,794.4427402874906
C011,1,b1c32,731.0,708.458931244681
C011,1,b1c33,757.0,873.5619250841748
C011,1,b1c42,702.0,717.4014343434344
C011,1,b1c43,651.0,674.2186896344393
C011,2,b1c11,788.0,960.1262807840309
C011,2,b1c14,880.0,940.7721255133755
C011,2,b1c15,719.0,935.7743477355976
C011,2,b1c28,860.0,759.0906170218669
C011,2,b1c29,917.0,778.3011203611202
C011,2,b1c30,709.0,745.0674561272062
C011,2,b1c38,617.0,708.1540975413474
C011,2,b1c39,625.0,753.2632254874753
C011,2,b1c44,616.0,728.6074936452436
C011,3,b1c9,1054.0,832.1332566415065
C011,3,b1c16,862.0,807.0509015429014
C011,3,b1c17,857.0,800.8749293206794
C011,3,b1c24,1017.0,801.7895038480036
C011,3,b1c25,854.0,809.466024198024
C011,3,b1c27,842.0,759.6737018352019
C011,3,b1c34,742.0,850.0438302345798
C011,3,b1c35,703.0,837.7853360065858
C011,3,b1c37,648.0,755.3988151755651
C012,1,b1c5,1074.0,834.595312317312
C012,1,b1c6,636.0,810.8714842749841
C012,1,b1c7,870.0,829.9445802068298
C012,1,b1c18,691.0,792.4076139046138
C012,1,b1c19,788.0,813.8409717412216
C012,1,b1c20,534.0,801.8573837458835
C012,1,b1c32,731.0,702.4864876419873
C012,1,b1c33,757.0,819.0201885521885
C012,1,b1c42,702.0,734.1260609668112
C012,1,b1c43,651.0,709.2921806434308
C012,2,b1c11,788.0,918.3103280423285
C012,2,b1c14,880.0,907.2199021164023
C012,2,b1c15,719.0,907.2199021164023
C012,2,b1c28,860.0,762.1714131794132
C012,2,b1c29,917.0,786.4734015151515
C012,2,b1c30,709.0,740.5792566137569
C012,2,b1c38,617.0,695.826953944204
C012,2,b1c39,625.0,769.8258827561327
C012,2,b1c44,616.0,732.2469638047137
C012,3,b1c9,1054.0,866.3677764550267
C012,3,b1c16,862.0,827.5155527898033
C012,3,b1c17,857.0,815.7185597643102
C012,3,b1c24,1017.0,817.3072053872057
C012,3,b1c25,854.0,819.2300845358349
C012,3,b1c27,842.0,748.162351010101
C012,3,b1c34,742.0,863.8001321548824
C012,3,b1c35,703.0,853.1851392496396
C012,3,b1c37,648.0,756.6225435305437
C013,1,b1c5,1074.0,821.1066666666667
C013,1,b1c6,636.0,795.1666666666666
C013,1,b1c7,870.0,876.6933333333334
C013,1,b1c18,691.0,784.1
C013,1,b1c19,788.0,862.7766666666666
C013,1,b1c20,534.0,793.3166666666667
C013,1,b1c32,731.0,705.4933333333333
C013,1,b1c33,757.0,872.1266666666667
C013,1,b1c42,702.0,713.4933333333333
C013,1,b1c43,651.0,676.17
C013,2,b1c11,788.0,966.7633333333333
C013,2,b1c14,880.0,942.1
C013,2,b1c15,719.0,938.5166666666667
C013,2,b1c28,860.0,756.0033333333333
C013,2,b1c29,917.0,776.6833333333333
C013,2,b1c30,709.0,745.17
C013,2,b1c38,617.0,707.2
C013,2,b1c39,625.0,750.84
C013,2,b1c44,616.0,724.9366666666666
C013,3,b1c9,1054.0,853.13
C013,3,b1c16,862.0,821.9733333333334
C013,3,b1c17,857.0,810.1566666666666
C013,3,b1c24,1017.0,806.2833333333333
C013,3,b1c25,854.0,818.6533333333333
C013,3,b1c27,842.0,763.6433333333333
C013,3,b1c34,742.0,855.7033333333334
C013,3,b1c35,703.0,846.99
C013,3,b1c37,648.0,751.1766666666666
C014,1,b1c5,1074.0,834.595312317312
C014,1,b1c6,636.0,810.8714842749841
C014,1,b1c7,870.0,829.9445802068298
C014,1,b1c18,691.0,792.4076139046138
C014,1,b1c19,788.0,813.8409717412216
C014,1,b1c20,534.0,801.8573837458835
C014,1,b1c32,731.0,702.4864876419873
C014,1,b1c33,757.0,819.0201885521885
C014,1,b1c42,702.0,734.1260609668112
C014,1,b1c43,651.0,709.2921806434308
C014,2,b1c11,788.0,918.3103280423285
C014,2,b1c14,880.0,907.2199021164023
C014,2,b1c15,719.0,907.2199021164023
C014,2,b1c28,860.0,762.1714131794132
C014,2,b1c29,917.0,786.4734015151515
C014,2,b1c30,709.0,740.5792566137569
C014,2,b1c38,617.0,695.826953944204
C014,2,b1c39,625.0,769.8258827561327
C014,2,b1c44,616.0,732.2469638047137
C014,3,b1c9,1054.0,866.3677764550267
C014,3,b1c16,862.0,827.5155527898033
C014,3,b1c17,857.0,815.7185597643102
C014,3,b1c24,1017.0,817.3072053872057
C014,3,b1c25,854.0,819.2300845358349
C014,3,b1c27,842.0,748.162351010101
C014,3,b1c34,742.0,863.8001321548824
C014,3,b1c35,703.0,853.1851392496396
C014,3,b1c37,648.0,756.6225435305437
C015,1,b1c5,1074.0,848.7443738220929
C015,1,b1c6,636.0,526.9613543330893
C015,1,b1c7,870.0,781.1319914453267
C015,1,b1c18,691.0,-1259.9653876745908
C015,1,b1c19,788.0,672.3409938070329
C015,1,b1c20,534.0,-307.4857846276168
C015,1,b1c32,731.0,651.8635214116365
C015,1,b1c33,757.0,768.6675280002804
C015,1,b1c42,702.0,808.7975669512856
C015,1,b1c43,651.0,624.3288106431094
C015,2,b1c11,788.0,1032.9259364172667
C015,2,b1c14,880.0,681.6744272768316
C015,2,b1c15,719.0,611.8330508985736
C015,2,b1c28,860.0,709.190210006218
C015,2,b1c29,917.0,849.5380699485925
C015,2,b1c30,709.0,795.7453800292392
C015,2,b1c38,617.0,541.0803640625323
C015,2,b1c39,625.0,560.9054745740511
C015,2,b1c44,616.0,430.81099879477335
C015,3,b1c9,1054.0,968.4923823691051
C015,3,b1c16,862.0,907.6613551696681
C015,3,b1c17,857.0,769.6849431988754
C015,3,b1c24,1017.0,912.2388950292294
C015,3,b1c25,854.0,937.954701203668
C015,3,b1c27,842.0,813.0611539814985
C015,3,b1c34,742.0,811.7226399540294
C015,3,b1c35,703.0,745.897486547508
C015,3,b1c37,648.0,782.2134217323564
C016,1,b1c5,1074.0,868.5368551312049
C016,1,b1c6,636.0,549.1064289127454
C016,1,b1c7,870.0,803.4380821076179
C016,1,b1c18,691.0,-1048.163464459758
C016,1,b1c19,788.0,681.2599785630117
C016,1,b1c20,534.0,-242.47221600014723
C016,1,b1c32,731.0,657.5201093404701
C016,1,b1c33,757.0,771.4140079687968
C016,1,b1c42,702.0,808.3019248167246
C016,1,b1c43,651.0,628.2730639435365
C016,2,b1c11,788.0,975.2114133785483
C016,2,b1c14,880.0,763.3556690259991
C016,2,b1c15,719.0,699.6926699706285
C016,2,b1c28,860.0,747.0608660389059
C016,2,b1c29,917.0,837.6869601881705
C016,2,b1c30,709.0,782.8597612352672
C016,2,b1c38,617.0,544.5467653168928
C016,2,b1c39,625.0,575.1678008220072
C016,2,b1c44,616.0,439.5953161712613
C016,3,b1c9,1054.0,970.637462399727
C016,3,b1c16,862.0,907.2523110696716
C016,3,b1c17,857.0,781.4186574588555
C016,3,b1c24,1017.0,908.0696626536212
C016,3,b1c25,854.0,934.0882826378903
C016,3,b1c27,842.0,812.7162441068144
C016,3,b1c34,742.0,815.0764675929545
C016,3,b1c35,703.0,749.8666704109528
C016,3,b1c37,648.0,777.2445335094643
C017,1,b1c5,1074.0,913.6970728658766
C017,1,b1c6,636.0,618.2955937587149
C017,1,b1c7,870.0,855.0963722956453
C017,1,b1c18,691.0,-374.0789892381729
C017,1,b1c19,788.0,706.5180228586049
C017,1,b1c20,534.0,-36.21410924761187
C017,1,b1c32,731.0,675.2017031392884
C017,1,b1c33,757.0,776.3539009885549
C017,1,b1c42,702.0,805.4601979015295
C017,1,b1c43,651.0,643.2344885304581
C017,2,b1c11,788.0,910.1116593730637
C017,2,b1c14,880.0,827.7842012229748
C017,2,b1c15,719.0,765.3076989424311
C017,2,b1c28,860.0,780.748383598623
C017,2,b1c29,917.0,830.5373853735248
C017,2,b1c30,709.0,763.4722080914627
C017,2,b1c38,617.0,551.2178732447023
C017,2,b1c39,625.0,604.6953028327886
C017,2,b1c44,616.0,514.6729374985068
C017,3,b1c9,1054.0,956.4366335964953
C017,3,b1c16,862.0,901.9887016061224
C017,3,b1c17,857.0,802.4441043317405
C017,3,b1c24,1017.0,886.8636287302124
C017,3,b1c25,854.0,905.9498670543987
C017,3,b1c27,842.0,797.4539123574353
C017,3,b1c34,742.0,816.2737848254945
C017,3,b1c35,703.0,765.2645713284701
C017,3,b1c37,648.0,770.4543866094468
C018,1,b1c5,1074.0,881.1980978965593
C018,1,b1c6,636.0,708.0312002747753
C018,1,b1c7,870.0,820.9679724014989
C018,1,b1c18,691.0,484.2800092574541
C018,1,b1c19,788.0,728.1133027291933
C018,1,b1c20,534.0,273.00602043620495
C018,1,b1c32,731.0,706.2839869863868
C018,1,b1c33,757.0,759.7461213977751
C018,1,b1c42,702.0,792.8303858865565
C018,1,b1c43,651.0,687.8132682622686
C018,2,b1c11,788.0,863.4067813347679
C018,2,b1c14,880.0,851.1485916582932
C018,2,b1c15,719.0,810.2255151545306
C018,2,b1c28,860.0,793.7442213475767
C018,2,b1c29,917.0,822.33382325327
C018,2,b1c30,709.0,756.7505574937608
C018,2,b1c38,617.0,641.5109220430959
C018,2,b1c39,625.0,691.8438717576421
C018,2,b1c44,616.0,658.1718658946726
C018,3,b1c9,1054.0,885.447939425149
C018,3,b1c16,862.0,863.1396651595549
C018,3,b1c17,857.0,819.7257275206065
C018,3,b1c24,1017.0,829.3369836889581
C018,3,b1c25,854.0,830.2575271734121
C018,3,b1c27,842.0,758.3740744072628
C018,3,b1c34,742.0,802.268292994925
C018,3,b1c35,703.0,791.1970837473715
C018,3,b1c37,648.0,762.8502576570392
C019,1,b1c5,1074.0,823.4554143613575
C019,1,b1c6,636.0,779.7413439683536
C019,1,b1c7,870.0,786.5072466766942
C019,1,b1c18,691.0,885.7182445106571
C019,1,b1c19,788.0,766.9305790256785
C019,1,b1c20,534.0,634.4655971327644
C019,1,b1c32,731.0,762.7621905040678
C019,1,b1c33,757.0,765.8186949792819
C019,1,b1c42,702.0,785.92381330118
C019,1,b1c43,651.0,758.9886321125819
C019,2,b1c11,788.0,822.4681652501772
C019,2,b1c14,880.0,823.1019997531739
C019,2,b1c15,719.0,812.0468281745912
C019,2,b1c28,860.0,796.9345541181739
C019,2,b1c29,917.0,803.4648994516554
C019,2,b1c30,709.0,776.81407881421
C019,2,b1c38,617.0,750.5782402698414
C019,2,b1c39,625.0,768.0748052843629
C019,2,b1c44,616.0,754.2158562767919
C019,3,b1c9,1054.0,791.5119793862265
C019,3,b1c16,862.0,783.1305991578497
C019,3,b1c17,857.0,774.8989178989162
C019,3,b1c24,1017.0,779.2607550207898
C019,3,b1c25,854.0,779.0528113561705
C019,3,b1c27,842.0,749.948842908007
C019,3,b1c34,742.0,767.4800338167182
C019,3,b1c35,703.0,767.9537114815647
C019,3,b1c37,648.0,755.6623505108413
C020,1,b1c5,1074.0,851.9039426674631
C020,1,b1c6,636.0,549.6429108852425
C020,1,b1c7,870.0,752.1313245136241
C020,1,b1c18,691.0,38.01733252725479
C020,1,b1c19,788.0,656.3941158502972
C020,1,b1c20,534.0,208.70313046682037
C020,1,b1c32,731.0,656.0743629587631
C020,1,b1c33,757.0,740.7239029473927
C020,1,b1c42,702.0,785.6581648431585
C020,1,b1c43,651.0,651.8048776312074
C020,2,b1c11,788.0,1050.6567277777706
C020,2,b1c14,880.0,690.5995642285998
C020,2,b1c15,719.0,634.9803676659203
C020,2,b1c28,860.0,708.9923576570035
C020,2,b1c29,917.0,833.6099041645735
C020,2,b1c30,709.0,794.4429548169724
C020,2,b1c38,617.0,587.1078985843205
C020,2,b1c39,625.0,600.4786455759763
C020,2,b1c44,616.0,496.84486711925
C020,3,b1c9,1054.0,992.2664331773872
C020,3,b1c16,862.0,912.5970127039853
C020,3,b1c17,857.0,761.1998354841999
C020,3,b1c24,1017.0,918.3450475382884
C020,3,b1c25,854.0,960.4642861180869
C020,3,b1c27,842.0,819.9829179383191
C020,3,b1c34,742.0,801.3263353563575
C020,3,b1c35,703.0,724.2825617432563
C020,3,b1c37,648.0,762.5723908874622
C021,1,b1c5,1074.0,873.5687555744761
C021,1,b1c6,636.0,566.8896426803542
C021,1,b1c7,870.0,775.6364871959041
C021,1,b1c18,691.0,52.163737068014974
C021,1,b1c19,788.0,665.2894619685223
C021,1,b1c20,534.0,226.6635404252781
C021,1,b1c32,731.0,660.935084574322
C021,1,b1c33,757.0,744.7744469087055
C021,1,b1c42,702.0,785.4787078491779
C021,1,b1c43,651.0,653.6977972298276
C021,2,b1c11,788.0,977.151888232495
C021,2,b1c14,880.0,764.3367917678696
C021,2,b1c15,719.0,707.9268424920091
C021,2,b1c28,860.0,743.2816926533905
C021,2,b1c29,917.0,821.5668928962391
C021,2,b1c30,709.0,781.4199631841163
C021,2,b1c38,617.0,589.1385735065352
C021,2,b1c39,625.0,611.0800316251264
C021,2,b1c44,616.0,502.8986041922459
C021,3,b1c9,1054.0,992.77140835699
C021,3,b1c16,862.0,911.9273571422804
C021,3,b1c17,857.0,769.3548571228228
C021,3,b1c24,1017.0,913.9243983328862
C021,3,b1c25,854.0,955.360799486924
C021,3,b1c27,842.0,818.4672739679949
C021,3,b1c34,742.0,803.56748988936
C021,3,b1c35,703.0,727.6706016764167
C021,3,b1c37,648.0,759.4767778217487
C022,1,b1c5,1074.0,923.4718421866025
C022,1,b1c6,636.0,626.2299025709516
C022,1,b1c7,870.0,837.0854431042391
C022,1,b1c18,691.0,152.68215079967484
C022,1,b1c19,788.0,693.8696324064897
C022,1,b1c20,534.0,291.9665489733651
C022,1,b1c32,731.0,676.2470016409795
C022,1,b1c33,757.0,756.4459485853164
C022,1,b1c42,702.0,784.7215128024329
C022,1,b1c43,651.0,658.9001561238294
C022,2,b1c11,788.0,897.4873896714548
C022,2,b1c14,880.0,827.2617545657137
C022,2,b1c15,719.0,765.722302381842
C022,2,b1c28,860.0,775.4682298380652
C022,2,b1c29,917.0,815.2316358273557
C022,2,b1c30,709.0,760.4713126906954
C022,2,b1c38,617.0,591.0172810584032
C022,2,b1c39,625.0,632.7042505719929
C022,2,b1c44,616.0,555.0443792271877
C022,3,b1c9,1054.0,972.2881956391675
C022,3,b1c16,862.0,904.9176254445496
C022,3,b1c17,857.0,788.2449878714895
C022,3,b1c24,1017.0,889.3266306515573
C022,3,b1c25,854.0,919.5290322759665
C022,3,b1c27,842.0,799.5309856822284
C022,3,b1c34,742.0,804.484916041393
C022,3,b1c35,703.0,744.170401637249
C022,3,b1c37,648.0,755.3551010806606
C023,1,b1c5,1074.0,880.74523668429
C023,1,b1c6,636.0,705.7205741423257
C023,1,b1c7,870.0,808.9587314094626
C023,1,b1c18,691.0,544.5778497700247
C023,1,b1c19,788.0,719.6103592180926
C023,1,b1c20,534.0,413.6211644073397
C023,1,b1c32,731.0,702.1555939892463
C023,1,b1c33,757.0,746.8231440800466
C023,1,b1c42,702.0,777.6386526645717
C023,1,b1c43,651.0,687.0866370700056
C023,2,b1c11,788.0,845.289137608323
C023,2,b1c14,880.0,846.8352838083708
C023,2,b1c15,719.0,802.5039670328554
C023,2,b1c28,860.0,786.5874842573272
C023,2,b1c29,917.0,809.4894309077898
C023,2,b1c30,709.0,748.6478227938087
C023,2,b1c38,617.0,652.074695410958
C023,2,b1c39,625.0,697.8093657737011
C023,2,b1c44,616.0,664.5015229378465
C023,3,b1c9,1054.0,885.6848973886188
C023,3,b1c16,862.0,858.3386984958364
C023,3,b1c17,857.0,807.9959330944077
C023,3,b1c24,1017.0,825.2374842289041
C023,3,b1c25,854.0,829.6493373107337
C023,3,b1c27,842.0,753.6369878558428
C023,3,b1c34,742.0,792.3535354215998
C023,3,b1c35,703.0,777.1200720055324
C023,3,b1c37,648.0,751.949430781833
C024,1,b1c5,1074.0,815.1109427629368
C024,1,b1c6,636.0,770.4279287733726
C024,1,b1c7,870.0,775.4334967552741
C024,1,b1c18,691.0,896.3887550714264
C024,1,b1c19,788.0,756.5144373679502
C024,1,b1c20,534.0,639.7039490997914
C024,1,b1c32,731.0,752.8964679468389
C024,1,b1c33,757.0,754.5122450385907
C024,1,b1c42,702.0,774.4612029432432
C024,1,b1c43,651.0,749.313295703556
C024,2,b1c11,788.0,809.0772723312231
C024,2,b1c14,880.0,813.0165036805299
C024,2,b1c15,719.0,800.9690032660696
C024,2,b1c28,860.0,786.0486505194028
C024,2,b1c29,917.0,791.2401154680572
C024,2,b1c30,709.0,764.8546407503597
C024,2,b1c38,617.0,740.6680681295965
C024,2,b1c39,625.0,758.5157277219541
C024,2,b1c44,616.0,744.1673775954462
C024,3,b1c9,1054.0,782.4411866489129
C024,3,b1c16,862.0,772.8827121915635
C024,3,b1c17,857.0,763.9842075739176
C024,3,b1c24,1017.0,770.7623445819956
C024,3,b1c25,854.0,771.2610910478058
C024,3,b1c27,842.0,740.9771268689614
C024,3,b1c34,742.0,757.4804405886114
C024,3,b1c35,703.0,757.2324158585899
C024,3,b1c37,648.0,745.7510555628346
C025,1,b1c5,1074.0,842.2517346912348
C025,1,b1c6,636.0,724.3411897824398
C025,1,b1c7,870.0,886.9817023809522
C025,1,b1c18,691.0,699.2953506771006
C025,1,b1c19,788.0,714.1270952380953
C025,1,b1c20,534.0,695.7387752802755
C025,1,b1c32,731.0,681.5870578680577
C025,1,b1c33,757.0,722.5845343915342
C025,1,b1c42,702.0,687.4999264069264
C025,1,b1c43,651.0,670.3629907407407
C025,2,b1c11,788.0,1016.5623412698412
C025,2,b1c14,880.0,967.366611111111
C025,2,b1c15,719.0,953.1239999999998
C025,2,b1c28,860.0,807.3518888888889
C025,2,b1c29,917.0,818.3518558201058
C025,2,b1c30,709.0,725.314716931217
C025,2,b1c38,617.0,687.3994179894181
C025,2,b1c39,625.0,728.7052275132278
C025,2,b1c44,616.0,724.1523730158731
C025,3,b1c9,1054.0,865.5104856902356
C025,3,b1c16,862.0,859.7973872053869
C025,3,b1c17,857.0,836.5743237133236
C025,3,b1c24,1017.0,854.2006914381915
C025,3,b1c25,854.0,858.5085853775853
C025,3,b1c27,842.0,836.1266786916785
C025,3,b1c34,742.0,865.1374102934103
C025,3,b1c35,703.0,740.0774903799905
C025,3,b1c37,648.0,706.5579890572394
C026,1,b1c5,1074.0,845.3043944203945
C026,1,b1c6,636.0,707.1477436267434
C026,1,b1c7,870.0,831.7301798941795
C026,1,b1c18,691.0,691.4991669071668
C026,1,b1c19,788.0,700.4020173160171
C026,1,b1c20,534.0,694.7599843674843
C026,1,b1c32,731.0,674.7509551467051
C026,1,b1c33,757.0,701.8730278980277
C026,1,b1c42,702.0,692.4668198653198
C026,1,b1c43,651.0,682.0461813371813
C026,2,b1c11,788.0,941.3030816498322
C026,2,b1c14,880.0,926.7744136604141
C026,2,b1c15,719.0,922.0259533429539
C026,2,b1c28,860.0,813.4304919432417
C026,2,b1c29,917.0,821.4607379749879
C026,2,b1c30,709.0,734.158837181337
C026,2,b1c38,617.0,677.4757883597882
C026,2,b1c39,625.0,736.7881058201057
C026,2,b1c44,616.0,719.3333530543529
C026,3,b1c9,1054.0,879.0766333573828
C026,3,b1c16,862.0,872.4030222462716
C026,3,b1c17,857.0,858.3210631313126
C026,3,b1c24,1017.0,864.8024983164979
C026,3,b1c25,854.0,865.0191649831646
C026,3,b1c27,842.0,847.9162870370367
C026,3,b1c34,742.0,877.0281702741695
C026,3,b1c35,703.0,739.2403303270804
C026,3,b1c37,648.0,705.0747491582493
C027,1,b1c5,1074.0,836.5133333333333
C027,1,b1c6,636.0,725.2233333333334
C027,1,b1c7,870.0,887.84
C027,1,b1c18,691.0,699.74
C027,1,b1c19,788.0,719.8033333333333
C027,1,b1c20,534.0,695.7833333333333
C027,1,b1c32,731.0,685.5133333333333
C027,1,b1c33,757.0,729.47
C027,1,b1c42,702.0,686.29
C027,1,b1c43,651.0,667.8533333333334
C027,2,b1c11,788.0,1013.7533333333333
C027,2,b1c14,880.0,965.32
C027,2,b1c15,719.0,950.5066666666667
C027,2,b1c28,860.0,801.76
C027,2,b1c29,917.0,814.05
C027,2,b1c30,709.0,720.7066666666667
C027,2,b1c38,617.0,680.7133333333334
C027,2,b1c39,625.0,726.75
C027,2,b1c44,616.0,717.3666666666667
C027,3,b1c9,1054.0,872.34
C027,3,b1c16,862.0,863.3166666666667
C027,3,b1c17,857.0,835.5733333333334
C027,3,b1c24,1017.0,856.3966666666666
C027,3,b1c25,854.0,860.5
C027,3,b1c27,842.0,833.1733333333333
C027,3,b1c34,742.0,865.2766666666666
C027,3,b1c35,703.0,736.9633333333334
C027,3,b1c37,648.0,707.6533333333333
C028,1,b1c5,1074.0,845.3043944203945
C028,1,b1c6,636.0,707.1477436267434
C028,1,b1c7,870.0,831.7301798941795
C028,1,b1c18,691.0,691.4991669071668
C028,1,b1c19,788.0,700.4020173160171
C028,1,b1c20,534.0,694.7599843674843
C028,1,b1c32,731.0,674.7509551467051
C028,1,b1c33,757.0,701.8730278980277
C028,1,b1c42,702.0,692.4668198653198
C028,1,b1c43,651.0,682.0461813371813
C028,2,b1c11,788.0,941.3030816498322
C028,2,b1c14,880.0,926.7744136604141
C028,2,b1c15,719.0,922.0259533429539
C028,2,b1c28,860.0,813.4304919432417
C028,2,b1c29,917.0,821.4607379749879
C028,2,b1c30,709.0,734.158837181337
C028,2,b1c38,617.0,677.4757883597882
C028,2,b1c39,625.0,736.7881058201057
C028,2,b1c44,616.0,719.3333530543529
C028,3,b1c9,1054.0,879.0766333573828
C028,3,b1c16,862.0,872.4030222462716
C028,3,b1c17,857.0,858.3210631313126
C028,3,b1c24,1017.0,864.8024983164979
C028,3,b1c25,854.0,865.0191649831646
C028,3,b1c27,842.0,847.9162870370367
C028,3,b1c34,742.0,877.0281702741695
C028,3,b1c35,703.0,739.2403303270804
C028,3,b1c37,648.0,705.0747491582493
C029,1,b1c5,1074.0,987.6851558262518
C029,1,b1c6,636.0,642.1885075537236
C029,1,b1c7,870.0,907.4843503236428
C029,1,b1c18,691.0,-405.73331734219016
C029,1,b1c19,788.0,706.579030605802
C029,1,b1c20,534.0,161.25892755512746
C029,1,b1c32,731.0,684.7518104196507
C029,1,b1c33,757.0,776.6052938559855
C029,1,b1c42,702.0,794.1029471116819
C029,1,b1c43,651.0,672.9513219759402
C029,2,b1c11,788.0,928.435382856331
C029,2,b1c14,880.0,825.2640794844712
C029,2,b1c15,719.0,763.3033418171331
C029,2,b1c28,860.0,777.6231066573472
C029,2,b1c29,917.0,829.182141630364
C029,2,b1c30,709.0,771.755429052483
C029,2,b1c38,617.0,536.6261010119528
C029,2,b1c39,625.0,577.9983528317139
C029,2,b1c44,616.0,438.1361368206077
C029,3,b1c9,1054.0,976.8146719937693
C029,3,b1c16,862.0,907.367250533472
C029,3,b1c17,857.0,789.798049954855
C029,3,b1c24,1017.0,908.7444701808533
C029,3,b1c25,854.0,936.4409464424843
C029,3,b1c27,842.0,816.7426657880625
C029,3,b1c34,742.0,818.3412047192668
C029,3,b1c35,703.0,750.1148111646494
C029,3,b1c37,648.0,773.373517694459
C030,1,b1c5,1074.0,986.0252481651413
C030,1,b1c6,636.0,645.9135460959898
C030,1,b1c7,870.0,907.4432522075817
C030,1,b1c18,691.0,-353.3476766831242
C030,1,b1c19,788.0,708.2291634509461
C030,1,b1c20,534.0,167.72677538265236
C030,1,b1c32,731.0,685.3109919450445
C030,1,b1c33,757.0,777.6027068937473
C030,1,b1c42,702.0,793.9962477454264
C030,1,b1c43,651.0,672.3374880227202
C030,2,b1c11,788.0,922.24750305153
C030,2,b1c14,880.0,827.7075512002957
C030,2,b1c15,719.0,764.4084642464072
C030,2,b1c28,860.0,779.9063132502492
C030,2,b1c29,917.0,829.4663412231407
C030,2,b1c30,709.0,769.1268654346469
C030,2,b1c38,617.0,535.2416841948308
C030,2,b1c39,625.0,580.8942762795901
C030,2,b1c44,616.0,452.46519903797815
C030,3,b1c9,1054.0,974.3937792244642
C030,3,b1c16,862.0,906.8342270835763
C030,3,b1c17,857.0,791.5216707024096
C030,3,b1c24,1017.0,905.992370058216
C030,3,b1c25,854.0,932.57156201368
C030,3,b1c27,842.0,814.2834225154413
C030,3,b1c34,742.0,818.1322315835337
C030,3,b1c35,703.0,752.0803390356292
C030,3,b1c37,648.0,772.9883914205799
C031,1,b1c5,1074.0,971.5220527249046
C031,1,b1c6,636.0,668.3270138950516
C031,1,b1c7,870.0,900.5798240621607
C031,1,b1c18,691.0,-50.206016427832424
C031,1,b1c19,788.0,716.5297371647368
C031,1,b1c20,534.0,214.30522458834412
C031,1,b1c32,731.0,689.2924560280749
C031,1,b1c33,757.0,780.8307158144496
C031,1,b1c42,702.0,792.680950805436
C031,1,b1c43,651.0,671.9868947515833
C031,2,b1c11,788.0,894.3295411972432
C031,2,b1c14,880.0,839.2681285588549
C031,2,b1c15,719.0,773.8277353569968
C031,2,b1c28,860.0,788.7931761881696
C031,2,b1c29,917.0,829.8495641956519
C031,2,b1c30,709.0,758.1170576314714
C031,2,b1c38,617.0,542.044313997919
C031,2,b1c39,625.0,603.0112805516369
C031,2,b1c44,616.0,524.0749001590657
C031,3,b1c9,1054.0,956.4777340003633
C031,3,b1c16,862.0,901.9535745655703
C031,3,b1c17,857.0,802.7424559879726
C031,3,b1c24,1017.0,886.7424186505176
C031,3,b1c25,854.0,905.7797337151025
C031,3,b1c27,842.0,797.453124655854
C031,3,b1c34,742.0,816.3171486555777
C031,3,b1c35,703.0,765.3404364396529
C031,3,b1c37,648.0,770.3496277625248
C032,1,b1c5,1074.0,901.607827603547
C032,1,b1c6,636.0,734.3660198504608
C032,1,b1c7,870.0,837.5888677741727
C032,1,b1c18,691.0,672.8893969567728
C032,1,b1c19,788.0,733.6581225583509
C032,1,b1c20,534.0,424.2697585300579
C032,1,b1c32,731.0,713.5532256355311
C032,1,b1c33,757.0,768.1083911426024
C032,1,b1c42,702.0,784.4164229802589
C032,1,b1c43,651.0,704.433950130598
C032,2,b1c11,788.0,854.1636810555118
C032,2,b1c14,880.0,851.7495772461965
C032,2,b1c15,719.0,807.9628563684033
C032,2,b1c28,860.0,796.8005378138139
C032,2,b1c29,917.0,822.4126636821022
C032,2,b1c30,709.0,753.5992898854772
C032,2,b1c38,617.0,632.6022574509634
C032,2,b1c39,625.0,687.2188553968973
C032,2,b1c44,616.0,662.5127372782994
C032,3,b1c9,1054.0,884.9564055558378
C032,3,b1c16,862.0,861.652023527469
C032,3,b1c17,857.0,813.0275232074524
C032,3,b1c24,1017.0,832.8398095448968
C032,3,b1c25,854.0,835.6101590104971
C032,3,b1c27,842.0,759.113839508334
C032,3,b1c34,742.0,802.0617980376101
C032,3,b1c35,703.0,789.4402415140692
C032,3,b1c37,648.0,765.0715136304957
C033,1,b1c5,1074.0,826.546213959597
C033,1,b1c6,636.0,788.486939061391
C033,1,b1c7,870.0,792.9795978500467
C033,1,b1c18,691.0,934.6653004993002
C033,1,b1c19,788.0,771.1390305056968
C033,1,b1c20,534.0,701.316652055495
C033,1,b1c32,731.0,767.5731600467748
C033,1,b1c33,757.0,773.2218850829028
C033,1,b1c42,702.0,784.760137563396
C033,1,b1c43,651.0,768.3243163379308
C033,2,b1c11,788.0,814.370240071957
C033,2,b1c14,880.0,818.3242971449121
C033,2,b1c15,719.0,806.2601634305854
C033,2,b1c28,860.0,796.9145669760371
C033,2,b1c29,917.0,802.2864734502145
C033,2,b1c30,709.0,776.3159520301226
C033,2,b1c38,617.0,746.7667231678837
C033,2,b1c39,625.0,764.8506521161612
C033,2,b1c44,616.0,757.7780271694697
C033,3,b1c9,1054.0,787.6012571093006
C033,3,b1c16,862.0,779.2751151098716
C033,3,b1c17,857.0,769.0132323849978
C033,3,b1c24,1017.0,778.0458470845559
C033,3,b1c25,854.0,778.6206894015263
C033,3,b1c27,842.0,749.2820039657561
C033,3,b1c34,742.0,765.48322141317
C033,3,b1c35,703.0,765.2381804999578
C033,3,b1c37,648.0,755.8258978171866
C034,1,b1c5,1074.0,1000.4558584950846
C034,1,b1c6,636.0,628.020207087198
C034,1,b1c7,870.0,870.514968386729
C034,1,b1c18,691.0,102.13370187965792
C034,1,b1c19,788.0,682.9151073370467
C034,1,b1c20,534.0,358.95330940818377
C034,1,b1c32,731.0,681.5174206377513
C034,1,b1c33,757.0,747.5573061595895
C034,1,b1c42,702.0,772.4149765464806
C034,1,b1c43,651.0,689.5198365198664
C034,2,b1c11,788.0,919.9950081654365
C034,2,b1c14,880.0,828.8636636659979
C034,2,b1c15,719.0,769.7805869950134
C034,2,b1c28,860.0,773.4180067846293
C034,2,b1c29,917.0,812.3198350288133
C034,2,b1c30,709.0,770.585882277204
C034,2,b1c38,617.0,583.7935808136002
C034,2,b1c39,625.0,613.6663057508099
C034,2,b1c44,616.0,501.49204067352406
C034,3,b1c9,1054.0,998.2069457394184
C034,3,b1c16,862.0,912.4045302646596
C034,3,b1c17,857.0,772.2602168815168
C034,3,b1c24,1017.0,916.0462883568532
C034,3,b1c25,854.0,959.4220718583707
C034,3,b1c27,842.0,822.1509240663133
C034,3,b1c34,742.0,805.1392795632935
C034,3,b1c35,703.0,726.4766699984776
C034,3,b1c37,648.0,757.7528174620973
C035,1,b1c5,1074.0,999.1323880523917
C035,1,b1c6,636.0,633.2241262061466
C035,1,b1c7,870.0,873.5556232238162
C035,1,b1c18,691.0,115.42585190013095
C035,1,b1c19,788.0,686.1186558600713
C035,1,b1c20,534.0,362.26041469702784
C035,1,b1c32,731.0,682.2684891386101
C035,1,b1c33,757.0,750.0618655220883
C035,1,b1c42,702.0,772.7384204275851
C035,1,b1c43,651.0,687.4678088722098
C035,2,b1c11,788.0,911.9111438698437
C035,2,b1c14,880.0,831.2789548358177
C035,2,b1c15,719.0,770.2941408575342
C035,2,b1c28,860.0,775.8250375842524
C035,2,b1c29,917.0,812.8026222333273
C035,2,b1c30,709.0,767.544194594303
C035,2,b1c38,617.0,582.0297241637123
C035,2,b1c39,625.0,615.6625476853998
C035,2,b1c44,616.0,511.4139317093788
C035,3,b1c9,1054.0,995.0524055675533
C035,3,b1c16,862.0,911.6944498171035
C035,3,b1c17,857.0,774.1184375622327
C035,3,b1c24,1017.0,912.7652281070572
C035,3,b1c25,854.0,954.47591488217
C035,3,b1c27,842.0,819.251321743506
C035,3,b1c34,742.0,805.0691182799787
C035,3,b1c35,703.0,728.6554197111675
C035,3,b1c37,648.0,757.5044417484614
C036,1,b1c5,1074.0,984.3629455292397
C036,1,b1c6,636.0,661.8015492133773
C036,1,b1c7,870.0,880.2026286967371
C036,1,b1c18,691.0,218.32862728503412
C036,1,b1c19,788.0,701.5833610368772
C036,1,b1c20,534.0,385.01416334391695
C036,1,b1c32,731.0,686.8516886970993
C036,1,b1c33,757.0,760.1947814762534
C036,1,b1c42,702.0,773.725500386066
C036,1,b1c43,651.0,680.1561627665341
C036,2,b1c11,788.0,876.3995133148912
C036,2,b1c14,880.0,841.6991165468005
C036,2,b1c15,719.0,775.614553655454
C036,2,b1c28,860.0,784.9241860897705
C036,2,b1c29,917.0,814.3872836047843
C036,2,b1c30,709.0,754.3605440737863
C036,2,b1c38,617.0,582.9051965966768
C036,2,b1c39,625.0,631.1010426192727
C036,2,b1c44,616.0,562.9624210990941
C036,3,b1c9,1054.0,971.9600074507568
C036,3,b1c16,862.0,905.1787624477518
C036,3,b1c17,857.0,786.3156300691815
C036,3,b1c24,1017.0,890.2125035164602
C036,3,b1c25,854.0,920.8149509887407
C036,3,b1c27,842.0,799.5361588143736
C036,3,b1c34,742.0,804.1984168855172
C036,3,b1c35,703.0,743.7068113459788
C036,3,b1c37,648.0,756.0053563693612
C037,1,b1c5,1074.0,902.6628267323459
C037,1,b1c6,636.0,728.4623926877405
C037,1,b1c7,870.0,825.31527266268
C037,1,b1c18,691.0,683.4576522633693
C037,1,b1c19,788.0,724.4319731854654
C037,1,b1c20,534.0,496.2732287298889
C037,1,b1c32,731.0,708.3298045237244
C037,1,b1c33,757.0,754.3825451910358
C037,1,b1c42,702.0,769.798283313671
C037,1,b1c43,651.0,700.9788353675616
C037,2,b1c11,788.0,833.0188982679894
C037,2,b1c14,880.0,847.6407937409539
C037,2,b1c15,719.0,799.6365514570736
C037,2,b1c28,860.0,790.399872486985
C037,2,b1c29,917.0,809.5904000515707
C037,2,b1c30,709.0,744.924915708857
C037,2,b1c38,617.0,642.9492378858176
C037,2,b1c39,625.0,692.722343185523
C037,2,b1c44,616.0,669.0804778819529
C037,3,b1c9,1054.0,884.9847615155766
C037,3,b1c16,862.0,856.2867864084948
C037,3,b1c17,857.0,799.3352744101854
C037,3,b1c24,1017.0,829.901319223563
C037,3,b1c25,854.0,836.8248782456342
C037,3,b1c27,842.0,754.5344907764201
C037,3,b1c34,742.0,792.0903404027681
C037,3,b1c35,703.0,774.9266175830941
C037,3,b1c37,648.0,754.6414915051664
C038,1,b1c5,1074.0,818.3800503457517
C038,1,b1c6,636.0,779.2030924819825
C038,1,b1c7,870.0,781.9602947431852
C038,1,b1c18,691.0,955.0474157939888
C038,1,b1c19,788.0,760.6486777691855
C038,1,b1c20,534.0,697.5527165150226
C038,1,b1c32,731.0,757.6018365066989
C038,1,b1c33,757.0,761.7806796054305
C038,1,b1c42,702.0,773.2949932410901
C038,1,b1c43,651.0,758.4273098088114
C038,2,b1c11,788.0,799.9374241017558
C038,2,b1c14,880.0,807.5852052728836
C038,2,b1c15,719.0,794.4927738424975
C038,2,b1c28,860.0,786.0266093862189
C038,2,b1c29,917.0,789.9330674518703
C038,2,b1c30,709.0,764.3203139746807
C038,2,b1c38,617.0,736.7180350538264
C038,2,b1c39,625.0,755.0924803464192
C038,2,b1c44,616.0,747.8956780910571
C038,3,b1c9,1054.0,777.9655558707082
C038,3,b1c16,862.0,768.5240254720002
C038,3,b1c17,857.0,757.4167287094145
C038,3,b1c24,1017.0,769.3899860688774
C038,3,b1c25,854.0,770.7723703138319
C038,3,b1c27,842.0,740.2526842155876
C038,3,b1c34,742.0,755.2649829408526
C038,3,b1c35,703.0,754.2221148522433
C038,3,b1c37,648.0,745.9299842652093
C039,1,b1c5,1074.0,844.3996685536686
C039,1,b1c6,636.0,727.6997147944649
C039,1,b1c7,870.0,895.0888910533909
C039,1,b1c18,691.0,696.7706116198616
C039,1,b1c19,788.0,709.4356388888889
C039,1,b1c20,534.0,691.0101825396827
C039,1,b1c32,731.0,677.4957346357345
C039,1,b1c33,757.0,721.3198915343916
C039,1,b1c42,702.0,679.6074343711844
C039,1,b1c43,651.0,671.2208497150997
C039,2,b1c11,788.0,1008.6669867724869
C039,2,b1c14,880.0,962.8317619047623
C039,2,b1c15,719.0,951.7878730158731
C039,2,b1c28,860.0,805.5264722222221
C039,2,b1c29,917.0,815.9981203703703
C039,2,b1c30,709.0,726.9071137566137
C039,2,b1c38,617.0,669.5000330687832
C039,2,b1c39,625.0,722.1501415343919
C039,2,b1c44,616.0,722.3952182539683
C039,3,b1c9,1054.0,872.2065518278017
C039,3,b1c16,862.0,862.4691014911014
C039,3,b1c17,857.0,853.6616014911014
C039,3,b1c24,1017.0,853.887873977874
C039,3,b1c25,854.0,856.0975007215006
C039,3,b1c27,842.0,843.2143956228957
C039,3,b1c34,742.0,861.754889129389
C039,3,b1c35,703.0,728.7796491101493
C039,3,b1c37,648.0,704.2179163059168
C040,1,b1c5,1074.0,845.7419341029341
C040,1,b1c6,636.0,710.0565977633477
C040,1,b1c7,870.0,837.1800390812888
C040,1,b1c18,691.0,689.1302353294856
C040,1,b1c19,788.0,697.7679759499761
C040,1,b1c20,534.0,691.3045607263108
C040,1,b1c32,731.0,670.8159114959113
C040,1,b1c33,757.0,699.7811373256374
C040,1,b1c42,702.0,691.257632034632
C040,1,b1c43,651.0,682.4553718133718
C040,2,b1c11,788.0,939.5834705387211
C040,2,b1c14,880.0,928.0320803270807
C040,2,b1c15,719.0,923.2817866762873
C040,2,b1c28,860.0,814.6554666907166
C040,2,b1c29,917.0,821.677157166907
C040,2,b1c30,709.0,740.1059588744586
C040,2,b1c38,617.0,676.5919086099083
C040,2,b1c39,625.0,734.991562049062
C040,2,b1c44,616.0,721.211296176046
C040,3,b1c9,1054.0,879.7010778018273
C040,3,b1c16,862.0,872.757359547859
C040,3,b1c17,857.0,859.4225959595951
C040,3,b1c24,1017.0,863.0046978114474
C040,3,b1c25,854.0,862.5302533670028
C040,3,b1c27,842.0,848.388428571428
C040,3,b1c34,742.0,873.0215642135635
C040,3,b1c35,703.0,731.9420260942762
C040,3,b1c37,648.0,702.9418999519003
C041,1,b1c5,1074.0,839.5433333333333
C041,1,b1c6,636.0,732.74
C041,1,b1c7,870.0,896.6666666666666
C041,1,b1c18,691.0,700.4933333333333
C041,1,b1c19,788.0,711.39
C041,1,b1c20,534.0,690.6533333333333
C041,1,b1c32,731.0,678.4533333333334
C041,1,b1c33,757.0,721.04
C041,1,b1c42,702.0,682.1633333333333
C041,1,b1c43,651.0,668.7433333333333
C041,2,b1c11,788.0,1009.0066666666667
C041,2,b1c14,880.0,963.4166666666666
C041,2,b1c15,719.0,952.66
C041,2,b1c28,860.0,801.4833333333333
C041,2,b1c29,917.0,811.9433333333334
C041,2,b1c30,709.0,724.17
C041,2,b1c38,617.0,672.3433333333334
C041,2,b1c39,625.0,720.07
C041,2,b1c44,616.0,723.59
C041,3,b1c9,1054.0,879.2833333333333
C041,3,b1c16,862.0,862.4733333333334
C041,3,b1c17,857.0,850.93
C041,3,b1c24,1017.0,860.7433333333333
C041,3,b1c25,854.0,862.4633333333334
C041,3,b1c27,842.0,841.7333333333333
C041,3,b1c34,742.0,863.08
C041,3,b1c35,703.0,727.06
C041,3,b1c37,648.0,703.7866666666666
C042,1,b1c5,1074.0,845.7419341029341
C042,1,b1c6,636.0,710.0565977633477
C042,1,b1c7,870.0,837.1800390812888
C042,1,b1c18,691.0,689.1302353294856
C042,1,b1c19,788.0,697.7679759499761
C042,1,b1c20,534.0,691.3045607263108
C042,1,b1c32,731.0,670.8159114959113
C042,1,b1c33,757.0,699.7811373256374
C042,1,b1c42,702.0,691.257632034632
C042,1,b1c43,651.0,682.4553718133718
C042,2,b1c11,788.0,939.5834705387211
C042,2,b1c14,880.0,928.0320803270807
C042,2,b1c15,719.0,923.2817866762873
C042,2,b1c28,860.0,814.6554666907166
C042,2,b1c29,917.0,821.677157166907
C042,2,b1c30,709.0,740.1059588744586
C042,2,b1c38,617.0,676.5919086099083
C042,2,b1c39,625.0,734.991562049062
C042,2,b1c44,616.0,721.211296176046
C042,3,b1c9,1054.0,879.7010778018273
C042,3,b1c16,862.0,872.757359547859
C042,3,b1c17,857.0,859.4225959595951
C042,3,b1c24,1017.0,863.0046978114474
C042,3,b1c25,854.0,862.5302533670028
C042,3,b1c27,842.0,848.388428571428
C042,3,b1c34,742.0,873.0215642135635
C042,3,b1c35,703.0,731.9420260942762
C042,3,b1c37,648.0,702.9418999519003
C043,1,b1c5,1074.0,919.3672691507556
C043,1,b1c6,636.0,580.4879366360661
C043,1,b1c7,870.0,858.0474553797736
C043,1,b1c18,691.0,-803.8520824642226
C043,1,b1c19,788.0,695.7356203827829
C043,1,b1c20,534.0,-167.52309601882212
C043,1,b1c32,731.0,667.7079009014171
C043,1,b1c33,757.0,768.9268398319754
C043,1,b1c42,702.0,814.9897736501022
C043,1,b1c43,651.0,635.9306585867573
C043,2,b1c11,788.0,965.7182460310663
C043,2,b1c14,880.0,800.7183842562735
C043,2,b1c15,719.0,748.014182165148
C043,2,b1c28,860.0,758.3316293604978
C043,2,b1c29,917.0,829.6418522660589
C043,2,b1c30,709.0,785.4660045386702
C043,2,b1c38,617.0,561.5124228167924
C043,2,b1c39,625.0,580.6678239288261
C043,2,b1c44,616.0,401.8247656901932
C043,3,b1c9,1054.0,979.246678568799
C043,3,b1c16,862.0,907.832423658781
C043,3,b1c17,857.0,790.4303766141702
C043,3,b1c24,1017.0,910.6068128727325
C043,3,b1c25,854.0,940.2221423524112
C043,3,b1c27,842.0,818.409949507093
C043,3,b1c34,742.0,819.9491842296721
C043,3,b1c35,703.0,749.9205949159874
C043,3,b1c37,648.0,772.6250567908079
C044,1,b1c5,1074.0,919.1417737336383
C044,1,b1c6,636.0,585.490470301313
C044,1,b1c7,870.0,858.4105571200331
C044,1,b1c18,691.0,-746.1395482556354
C044,1,b1c19,788.0,697.3142973799004
C044,1,b1c20,534.0,-151.13504968119707
C044,1,b1c32,731.0,668.632041136263
C044,1,b1c33,757.0,770.1302385891713
C044,1,b1c42,702.0,813.8546803001697
C044,1,b1c43,651.0,636.5481079044575
C044,2,b1c11,788.0,955.184106418521
C044,2,b1c14,880.0,806.6162186954474
C044,2,b1c15,719.0,751.6468777668671
C044,2,b1c28,860.0,763.0340649694322
C044,2,b1c29,917.0,829.7800216415297
C044,2,b1c30,709.0,781.2838214648489
C044,2,b1c38,617.0,557.6830768426241
C044,2,b1c39,625.0,583.749430545111
C044,2,b1c44,616.0,420.9965277693214
C044,3,b1c9,1054.0,976.907886826345
C044,3,b1c16,862.0,907.1718235985882
C044,3,b1c17,857.0,792.4061041957323
C044,3,b1c24,1017.0,907.8314881223265
C044,3,b1c25,854.0,936.2962162278077
C044,3,b1c27,842.0,815.9886060480161
C044,3,b1c34,742.0,819.8193042872172
C044,3,b1c35,703.0,751.9691163468066
C044,3,b1c37,648.0,772.1908179806014
C045,1,b1c5,1074.0,915.6446721274428
C045,1,b1c6,636.0,619.0640783735572
C045,1,b1c7,870.0,857.2170728714317
C045,1,b1c18,691.0,-370.20590532014035
C045,1,b1c19,788.0,706.9260833952075
C045,1,b1c20,534.0,-35.91209844229661
C045,1,b1c32,731.0,675.5402629420383
C045,1,b1c33,757.0,775.8268041781671
C045,1,b1c42,702.0,806.0709576668672
C045,1,b1c43,651.0,643.4694049092427
C045,2,b1c11,788.0,910.4434288606551
C045,2,b1c14,880.0,830.3634890658606
C045,2,b1c15,719.0,769.2092951407808
C045,2,b1c28,860.0,781.0187335854647
C045,2,b1c29,917.0,829.8710631039369
C045,2,b1c30,709.0,764.0800458334832
C045,2,b1c38,617.0,554.0095057619118
C045,2,b1c39,625.0,605.888211749481
C045,2,b1c44,616.0,511.4411262527073
C045,3,b1c9,1054.0,959.5124088400695
C045,3,b1c16,862.0,901.2110453064365
C045,3,b1c17,857.0,805.0213438739344
C045,3,b1c24,1017.0,888.6521546852241
C045,3,b1c25,854.0,909.3427398511158
C045,3,b1c27,842.0,799.4745182004441
C045,3,b1c34,742.0,818.5148665138362
C045,3,b1c35,703.0,765.7392564051337
C045,3,b1c37,648.0,769.4313395447604
C046,1,b1c5,1074.0,878.9745295031092
C046,1,b1c6,636.0,717.4948416379875
C046,1,b1c7,870.0,817.3401683736098
C046,1,b1c18,691.0,595.9864714850231
C046,1,b1c19,788.0,730.9760678035086
C046,1,b1c20,534.0,344.49523835825414
C046,1,b1c32,731.0,708.7597160804866
C046,1,b1c33,757.0,768.741149318851
C046,1,b1c42,702.0,785.2104705851965
C046,1,b1c43,651.0,694.0538517075631
C046,2,b1c11,788.0,860.2610816509592
C046,2,b1c14,880.0,845.7779796450317
C046,2,b1c15,719.0,802.0873060075546
C046,2,b1c28,860.0,794.422240227359
C046,2,b1c29,917.0,823.1885795776263
C046,2,b1c30,709.0,755.2688684967833
C046,2,b1c38,617.0,634.0759121575463
C046,2,b1c39,625.0,687.4729542733413
C046,2,b1c44,616.0,663.042545439641
C046,3,b1c9,1054.0,887.7269786922919
C046,3,b1c16,862.0,856.7795693942703
C046,3,b1c17,857.0,815.6050124332728
C046,3,b1c24,1017.0,835.7710969129005
C046,3,b1c25,854.0,839.5261650024942
C046,3,b1c27,842.0,761.8537408290559
C046,3,b1c34,742.0,804.6236439356508
C046,3,b1c35,703.0,790.3373997001167
C046,3,b1c37,648.0,765.2575113903036
C047,1,b1c5,1074.0,821.3488444758628
C047,1,b1c6,636.0,784.7338230679925
C047,1,b1c7,870.0,787.0631323743634
C047,1,b1c18,691.0,928.4822578007795
C047,1,b1c19,788.0,770.4287765598928
C047,1,b1c20,534.0,686.3211866708712
C047,1,b1c32,731.0,766.5990130059255
C047,1,b1c33,757.0,773.103827091988
C047,1,b1c42,702.0,784.054892140481
C047,1,b1c43,651.0,766.7629245124965
C047,2,b1c11,788.0,817.5282429296526
C047,2,b1c14,880.0,815.1155949365487
C047,2,b1c15,719.0,803.2393901115553
C047,2,b1c28,860.0,796.3533661064191
C047,2,b1c29,917.0,802.6237500586491
C047,2,b1c30,709.0,777.1599436696205
C047,2,b1c38,617.0,747.7345614911516
C047,2,b1c39,625.0,765.1338155164572
C047,2,b1c44,616.0,758.7260658348692
C047,3,b1c9,1054.0,787.786387252284
C047,3,b1c16,862.0,776.1351838955392
C047,3,b1c17,857.0,769.552748115627
C047,3,b1c24,1017.0,778.8731469224768
C047,3,b1c25,854.0,779.6908551120259
C047,3,b1c27,842.0,750.3339682879604
C047,3,b1c34,742.0,766.1273030726757
C047,3,b1c35,703.0,765.3555337130063
C047,3,b1c37,648.0,755.9810829488263
C048,1,b1c5,1074.0,934.7165196919634
C048,1,b1c6,636.0,589.680455785002
C048,1,b1c7,870.0,832.0947489882282
C048,1,b1c18,691.0,69.21295004160552
C048,1,b1c19,788.0,676.8788725701226
C048,1,b1c20,534.0,250.8277331454985
C048,1,b1c32,731.0,669.8723399311249
C048,1,b1c33,757.0,740.9762582566516
C048,1,b1c42,702.0,792.0747850609545
C048,1,b1c43,651.0,661.8145094281351
C048,2,b1c11,788.0,968.4473683629936
C048,2,b1c14,880.0,797.816284060879
C048,2,b1c15,719.0,748.9617005393575
C048,2,b1c28,860.0,752.5138400578335
C048,2,b1c29,917.0,813.743467319204
C048,2,b1c30,709.0,784.6042041705888
C048,2,b1c38,617.0,601.8321637079183
C048,2,b1c39,625.0,615.0386899952339
C048,2,b1c44,616.0,479.68878755985605
C048,3,b1c9,1054.0,1001.991025120214
C048,3,b1c16,862.0,912.7386000222846
C048,3,b1c17,857.0,775.6560457723452
C048,3,b1c24,1017.0,916.9868336830311
C048,3,b1c25,854.0,962.4412805117909
C048,3,b1c27,842.0,823.970008795779
C048,3,b1c34,742.0,807.3268632969988
C048,3,b1c35,703.0,726.9298659425725
C048,3,b1c37,648.0,755.9703161004583
C049,1,b1c5,1074.0,933.9626408836444
C049,1,b1c6,636.0,594.801853314859
C049,1,b1c7,870.0,834.0581720398363
C049,1,b1c18,691.0,77.73955092791581
C049,1,b1c19,788.0,679.5495426765307
C049,1,b1c20,534.0,255.73046516556573
C049,1,b1c32,731.0,670.7084884877445
C049,1,b1c33,757.0,743.5124750939365
C049,1,b1c42,702.0,791.2615700735844
C049,1,b1c43,651.0,660.8828389964073
C049,2,b1c11,788.0,954.5733344935096
C049,2,b1c14,880.0,803.925043825644
C049,2,b1c15,719.0,752.1879884986034
C049,2,b1c28,860.0,757.2704261611531
C049,2,b1c29,917.0,814.0189844126284
C049,2,b1c30,709.0,779.9838035721332
C049,2,b1c38,617.0,598.2419571746879
C049,2,b1c39,625.0,617.2321245065224
C049,2,b1c44,616.0,492.09826724849984
C049,3,b1c9,1054.0,998.9137513605965
C049,3,b1c16,862.0,911.8551601431493
C049,3,b1c17,857.0,777.7151276707814
C049,3,b1c24,1017.0,913.7103053024208
C049,3,b1c25,854.0,957.4379737687839
C049,3,b1c27,842.0,821.106093132598
C049,3,b1c34,742.0,807.3251873146112
C049,3,b1c35,703.0,729.1770583272379
C049,3,b1c37,648.0,755.7106585085535
C050,1,b1c5,1074.0,926.769367918696
C050,1,b1c6,636.0,627.1112864852248
C050,1,b1c7,870.0,840.340682358953
C050,1,b1c18,691.0,153.76826628929135
C050,1,b1c19,788.0,694.3880209018703
C050,1,b1c20,534.0,292.1279723044741
C050,1,b1c32,731.0,676.6661482908019
C050,1,b1c33,757.0,755.7165758456896
C050,1,b1c42,702.0,785.599158896304
C050,1,b1c43,651.0,659.1835020472267
C050,2,b1c11,788.0,897.6033760172373
C050,2,b1c14,880.0,828.0932788556124
C050,2,b1c15,719.0,766.8868511023975
C050,2,b1c28,860.0,775.5498931965017
C050,2,b1c29,917.0,815.0200809687611
C050,2,b1c30,709.0,760.6513804324413
C050,2,b1c38,617.0,591.6602775057733
C050,2,b1c39,625.0,632.9983017642306
C050,2,b1c44,616.0,554.3461236939198
C050,3,b1c9,1054.0,976.3278929887496
C050,3,b1c16,862.0,903.9694958732651
C050,3,b1c17,857.0,790.9882619448515
C050,3,b1c24,1017.0,891.4733672166973
C050,3,b1c25,854.0,923.7442996881856
C050,3,b1c27,842.0,801.7117416860517
C050,3,b1c34,742.0,806.9189707431941
C050,3,b1c35,703.0,744.6467399286823
C050,3,b1c37,648.0,754.3141126232263
C051,1,b1c5,1074.0,878.263724041165
C051,1,b1c6,636.0,714.2462632726948
C051,1,b1c7,870.0,805.243385956516
C051,1,b1c18,691.0,627.5074285415162
C051,1,b1c19,788.0,722.2291475066185
C051,1,b1c20,534.0,452.8963702316336
C051,1,b1c32,731.0,704.3648551122045
C051,1,b1c33,757.0,755.3960755362389
C051,1,b1c42,702.0,770.1559528038065
C051,1,b1c43,651.0,692.549063308375
C051,2,b1c11,788.0,841.1198261676955
C051,2,b1c14,880.0,839.716497751697
C051,2,b1c15,719.0,792.3035889191133
C051,2,b1c28,860.0,787.4262396441046
C051,2,b1c29,917.0,810.5777602696886
C051,2,b1c30,709.0,746.906240349635
C051,2,b1c38,617.0,644.4983692270229
C051,2,b1c39,625.0,693.0315059319831
C051,2,b1c44,616.0,669.608502799035
C051,3,b1c9,1054.0,888.6034111199994
C051,3,b1c16,862.0,850.4945389032827
C051,3,b1c17,857.0,803.2040425682981
C051,3,b1c24,1017.0,832.937686240048
C051,3,b1c25,854.0,840.8240179643747
C051,3,b1c27,842.0,757.4319470491557
C051,3,b1c34,742.0,795.0520778586334
C051,3,b1c35,703.0,776.1563013870921
C051,3,b1c37,648.0,754.5668989528422
C052,1,b1c5,1074.0,812.8636476788204
C052,1,b1c6,636.0,775.4854386860081
C052,1,b1c7,870.0,775.9986355840362
C052,1,b1c18,691.0,948.0623682066926
C052,1,b1c19,788.0,759.9907943378527
C052,1,b1c20,534.0,684.6905001550379
C052,1,b1c32,731.0,756.6919437823046
C052,1,b1c33,757.0,761.7506943391876
C052,1,b1c42,702.0,772.566567061835
C052,1,b1c43,651.0,756.9870088701523
C052,2,b1c11,788.0,803.5658506644293
C052,2,b1c14,880.0,804.0815931528742
C052,2,b1c15,719.0,791.267062446566
C052,2,b1c28,860.0,785.4167795580474
C052,2,b1c29,917.0,790.3197386725607
C052,2,b1c30,709.0,765.2207630664288
C052,2,b1c38,617.0,737.759448336403
C052,2,b1c39,625.0,755.4352953305735
C052,2,b1c44,616.0,748.8260282276972
C052,3,b1c9,1054.0,778.3114302172083
C052,3,b1c16,862.0,765.2408846276793
C052,3,b1c17,857.0,758.2045084592418
C052,3,b1c24,1017.0,770.3380965386395
C052,3,b1c25,854.0,771.9604091501847
C052,3,b1c27,842.0,741.3825904069483
C052,3,b1c34,742.0,756.0263493002145
C052,3,b1c35,703.0,754.4429376449909
C052,3,b1c37,648.0,746.0887660325368
C053,1,b1c5,1074.0,840.9971685536686
C053,1,b1c6,636.0,728.1952703500205
C053,1,b1c7,870.0,885.6182812650313
C053,1,b1c18,691.0,698.2091195563696
C053,1,b1c19,788.0,710.7954166666668
C053,1,b1c20,534.0,692.8396904761906
C053,1,b1c32,731.0,677.7201155881155
C053,1,b1c33,757.0,721.8776693121694
C053,1,b1c42,702.0,677.5439065934066
C053,1,b1c43,651.0,671.1387386039886
C053,2,b1c11,788.0,1011.250216931217
C053,2,b1c14,880.0,969.2726507936509
C053,2,b1c15,719.0,954.6753174603175
C053,2,b1c28,860.0,805.4313558201059
C053,2,b1c29,917.0,818.1763650793652
C053,2,b1c30,709.0,723.9916534391535
C053,2,b1c38,617.0,674.6265687830689
C053,2,b1c39,625.0,720.6420185185187
C053,2,b1c44,616.0,716.8456071428571
C053,3,b1c9,1054.0,870.4223178210678
C053,3,b1c16,862.0,864.2778304473303
C053,3,b1c17,857.0,841.4963026695527
C053,3,b1c24,1017.0,860.443618807119
C053,3,b1c25,854.0,862.1222017797019
C053,3,b1c27,842.0,849.2019644059644
C053,3,b1c34,742.0,869.183432900433
C053,3,b1c35,703.0,730.0003912938915
C053,3,b1c37,648.0,710.7275619288124
C054,1,b1c5,1074.0,841.8914766714769
C054,1,b1c6,636.0,710.1269482924482
C054,1,b1c7,870.0,833.3515039682537
C054,1,b1c18,691.0,690.5540382395384
C054,1,b1c19,788.0,697.6152233044734
C054,1,b1c20,534.0,692.5769469696971
C054,1,b1c32,731.0,670.8801495911496
C054,1,b1c33,757.0,699.6283846801349
C054,1,b1c42,702.0,689.2433465608466
C054,1,b1c43,651.0,682.5765146705147
C054,2,b1c11,788.0,939.2109956709963
C054,2,b1c14,880.0,925.8733276815782
C054,2,b1c15,719.0,920.8050340307846
C054,2,b1c28,860.0,813.119837181337
C054,2,b1c29,917.0,821.7825594035593
C054,2,b1c30,709.0,733.4756467051466
C054,2,b1c38,617.0,682.2354960317459
C054,2,b1c39,625.0,734.1956468253968
C054,2,b1c44,616.0,714.5098676046177
C054,3,b1c9,1054.0,879.555371452621
C054,3,b1c16,862.0,871.8007087542081
C054,3,b1c17,857.0,859.2595750360745
C054,3,b1c24,1017.0,863.2650948773446
C054,3,b1c25,854.0,863.4817615440112
C054,3,b1c27,842.0,858.0606188071182
C054,3,b1c34,742.0,875.2175432900426
C054,3,b1c35,703.0,731.1071517556517
C054,3,b1c37,648.0,711.3518692881196
C055,1,b1c5,1074.0,834.8733333333333
C055,1,b1c6,636.0,731.9766666666667
C055,1,b1c7,870.0,885.3966666666666
C055,1,b1c18,691.0,700.8333333333334
C055,1,b1c19,788.0,713.26
C055,1,b1c20,534.0,691.6333333333333
C055,1,b1c32,731.0,678.95
C055,1,b1c33,757.0,721.9566666666667
C055,1,b1c42,702.0,680.2733333333333
C055,1,b1c43,651.0,668.64
C055,2,b1c11,788.0,1011.6566666666666
C055,2,b1c14,880.0,967.1966666666667
C055,2,b1c15,719.0,952.0866666666667
C055,2,b1c28,860.0,799.1033333333334
C055,2,b1c29,917.0,812.4666666666667
C055,2,b1c30,709.0,720.19
C055,2,b1c38,617.0,676.9533333333334
C055,2,b1c39,625.0,718.5366666666666
C055,2,b1c44,616.0,714.3466666666667
C055,3,b1c9,1054.0,878.6833333333333
C055,3,b1c16,862.0,866.27
C055,3,b1c17,857.0,840.96
C055,3,b1c24,1017.0,866.5033333333333
C055,3,b1c25,854.0,867.7866666666666
C055,3,b1c27,842.0,846.5333333333333
C055,3,b1c34,742.0,874.0933333333334
C055,3,b1c35,703.0,730.6033333333334
C055,3,b1c37,648.0,710.6166666666667
C056,1,b1c5,1074.0,841.8914766714769
C056,1,b1c6,636.0,710.1269482924482
C056,1,b1c7,870.0,833.3515039682537
C056,1,b1c18,691.0,690.5540382395384
C056,1,b1c19,788.0,697.6152233044734
C056,1,b1c20,534.0,692.5769469696971
C056,1,b1c32,731.0,670.8801495911496
C056,1,b1c33,757.0,699.6283846801349
C056,1,b1c42,702.0,689.2433465608466
C056,1,b1c43,651.0,682.5765146705147
C056,2,b1c11,788.0,939.2109956709963
C056,2,b1c14,880.0,925.8733276815782
C056,2,b1c15,719.0,920.8050340307846
C056,2,b1c28,860.0,813.119837181337
C056,2,b1c29,917.0,821.7825594035593
C056,2,b1c30,709.0,733.4756467051466
C056,2,b1c38,617.0,682.2354960317459
C056,2,b1c39,625.0,734.1956468253968
C056,2,b1c44,616.0,714.5098676046177
C056,3,b1c9,1054.0,879.555371452621
C056,3,b1c16,862.0,871.8007087542081
C056,3,b1c17,857.0,859.2595750360745
C056,3,b1c24,1017.0,863.2650948773446
C056,3,b1c25,854.0,863.4817615440112
C056,3,b1c27,842.0,858.0606188071182
C056,3,b1c34,742.0,875.2175432900426
C056,3,b1c35,703.0,731.1071517556517
C056,3,b1c37,648.0,711.3518692881196
C057,1,b1c5,1074.0,800.2465311061372
C057,1,b1c6,636.0,600.168802882042
C057,1,b1c7,870.0,820.7060490038816
C057,1,b1c18,691.0,-870.1530038766158
C057,1,b1c19,788.0,724.619655368293
C057,1,b1c20,534.0,-393.37498469950685
C057,1,b1c32,731.0,658.9861062737282
C057,1,b1c33,757.0,777.3086020597611
C057,1,b1c42,702.0,817.4374893703684
C057,1,b1c43,651.0,623.1713740242869
C057,2,b1c11,788.0,1007.8601752149293
C057,2,b1c14,880.0,660.3370851169444
C057,2,b1c15,719.0,615.7989426955953
C057,2,b1c28,860.0,695.359996385813
C057,2,b1c29,917.0,853.6356133412725
C057,2,b1c30,709.0,803.6080677445187
C057,2,b1c38,617.0,498.1323990730678
C057,2,b1c39,625.0,543.6983919390561
C057,2,b1c44,616.0,390.6003354593282
C057,3,b1c9,1054.0,936.0012954857317
C057,3,b1c16,862.0,852.1313533808786
C057,3,b1c17,857.0,731.1092816829924
C057,3,b1c24,1017.0,920.5317812132155
C057,3,b1c25,854.0,913.8396450868926
C057,3,b1c27,842.0,786.3269997962905
C057,3,b1c34,742.0,807.54861449593
C057,3,b1c35,703.0,768.1881450208787
C057,3,b1c37,648.0,835.699025879829
C058,1,b1c5,1074.0,822.5379174683982
C058,1,b1c6,636.0,617.5825294790976
C058,1,b1c7,870.0,840.47872284971
C058,1,b1c18,691.0,-681.9076833656912
C058,1,b1c19,788.0,730.5125630004304
C058,1,b1c20,534.0,-326.06975551496464
C058,1,b1c32,731.0,664.2699993431245
C058,1,b1c33,757.0,779.2582473606366
C058,1,b1c42,702.0,816.8804724809754
C058,1,b1c43,651.0,627.057539194398
C058,2,b1c11,788.0,959.1959615780626
C058,2,b1c14,880.0,733.4359227320425
C058,2,b1c15,719.0,693.9204552725415
C058,2,b1c28,860.0,729.5004281826709
C058,2,b1c29,917.0,842.8868191748758
C058,2,b1c30,709.0,792.7823503924452
C058,2,b1c38,617.0,500.6552700237131
C058,2,b1c39,625.0,555.6721414422556
C058,2,b1c44,616.0,398.6598430620734
C058,3,b1c9,1054.0,943.9476832548788
C058,3,b1c16,862.0,848.029613105148
C058,3,b1c17,857.0,755.8872294804484
C058,3,b1c24,1017.0,915.1569472240296
C058,3,b1c25,854.0,909.6172921747059
C058,3,b1c27,842.0,788.7588155373783
C058,3,b1c34,742.0,816.88478470413
C058,3,b1c35,703.0,776.0281441702169
C058,3,b1c37,648.0,827.0190628628152
C059,1,b1c5,1074.0,874.4045225930771
C059,1,b1c6,636.0,667.716682680153
C059,1,b1c7,870.0,880.4857119412893
C059,1,b1c18,691.0,-143.2662705779669
C059,1,b1c19,788.0,743.7578059672746
C059,1,b1c20,534.0,-117.5082234370509
C059,1,b1c32,731.0,680.5177306067102
C059,1,b1c33,757.0,779.0922509502715
C059,1,b1c42,702.0,813.8242214287772
C059,1,b1c43,651.0,644.1527556854021
C059,2,b1c11,788.0,903.8103296288203
C059,2,b1c14,880.0,792.797616777289
C059,2,b1c15,719.0,755.3821929376049
C059,2,b1c28,860.0,759.6238688175378
C059,2,b1c29,917.0,835.1938776799989
C059,2,b1c30,709.0,776.7656981004667
C059,2,b1c38,617.0,522.5270825602051
C059,2,b1c39,625.0,591.7152462011993
C059,2,b1c44,616.0,472.7361945760961
C059,3,b1c9,1054.0,936.3361211106596
C059,3,b1c16,862.0,846.5482785807797
C059,3,b1c17,857.0,790.0499142616457
C059,3,b1c24,1017.0,890.5803971869484
C059,3,b1c25,854.0,882.9161624413257
C059,3,b1c27,842.0,779.5607804822417
C059,3,b1c34,742.0,821.629376345512
C059,3,b1c35,703.0,789.5418673915839
C059,3,b1c37,648.0,810.103635102517
C060,1,b1c5,1074.0,856.3162811062014
C060,1,b1c6,636.0,730.2963620192253
C060,1,b1c7,870.0,829.4921706354037
C060,1,b1c18,691.0,528.6925709138777
C060,1,b1c19,788.0,746.583799329662
C060,1,b1c20,534.0,222.2861819688884
C060,1,b1c32,731.0,710.6611427132782
C060,1,b1c33,757.0,756.2238938498372
C060,1,b1c42,702.0,798.4952989428295
C060,1,b1c43,651.0,694.5007892198068
C060,2,b1c11,788.0,856.6745465188873
C060,2,b1c14,880.0,831.2666814197894
C060,2,b1c15,719.0,807.276821575182
C060,2,b1c28,860.0,782.6779973996993
C060,2,b1c29,917.0,823.240982653982
C060,2,b1c30,709.0,767.7916182545282
C060,2,b1c38,617.0,647.7405935857632
C060,2,b1c39,625.0,701.1873975239273
C060,2,b1c44,616.0,646.5594737665107
C060,3,b1c9,1054.0,871.978547270234
C060,3,b1c16,862.0,832.284932792935
C060,3,b1c17,857.0,813.0179718265474
C060,3,b1c24,1017.0,826.9294448617271
C060,3,b1c25,854.0,815.2818093982751
C060,3,b1c27,842.0,752.4826878892941
C060,3,b1c34,742.0,802.8234689137656
C060,3,b1c35,703.0,798.6961824971935
C060,3,b1c37,648.0,779.7685032191472
C061,1,b1c5,1074.0,816.3889930170176
C061,1,b1c6,636.0,785.1207340841295
C061,1,b1c7,870.0,788.0271460389084
C061,1,b1c18,691.0,889.4557134105784
C061,1,b1c19,788.0,771.7987753381205
C061,1,b1c20,534.0,625.6345382587881
C061,1,b1c32,731.0,764.6977217278577
C061,1,b1c33,757.0,764.831290491167
C061,1,b1c42,702.0,787.3361483865864
C061,1,b1c43,651.0,762.6123019532411
C061,2,b1c11,788.0,820.8723726140906
C061,2,b1c14,880.0,819.0642292675577
C061,2,b1c15,719.0,812.9815887760923
C061,2,b1c28,860.0,795.4627630542371
C061,2,b1c29,917.0,803.3081664522497
C061,2,b1c30,709.0,780.9075596611849
C061,2,b1c38,617.0,753.6420187519375
C061,2,b1c39,625.0,771.9947378608454
C061,2,b1c44,616.0,751.0693030478704
C061,3,b1c9,1054.0,787.3512972293282
C061,3,b1c16,862.0,774.8079431945899
C061,3,b1c17,857.0,772.5493508500672
C061,3,b1c24,1017.0,777.70510676104
C061,3,b1c25,854.0,774.8838498377182
C061,3,b1c27,842.0,749.7120981224391
C061,3,b1c34,742.0,766.9467396392458
C061,3,b1c35,703.0,768.0682296597348
C061,3,b1c37,648.0,759.0229883444981
C062,1,b1c5,1074.0,791.2425005485659
C062,1,b1c6,636.0,609.9634157169216
C062,1,b1c7,870.0,793.993809422284
C062,1,b1c18,691.0,63.120389292340505
C062,1,b1c19,788.0,707.2000197496362
C062,1,b1c20,534.0,182.94412063659803
C062,1,b1c32,731.0,662.5021453669325
C062,1,b1c33,757.0,748.739429274725
C062,1,b1c42,702.0,795.093949337816
C062,1,b1c43,651.0,652.0156580250035
C062,2,b1c11,788.0,1019.3628928615963
C062,2,b1c14,880.0,672.4826284662787
C062,2,b1c15,719.0,637.2481331282553
C062,2,b1c28,860.0,696.8154564441884
C062,2,b1c29,917.0,837.7936057360309
C062,2,b1c30,709.0,801.6877627918892
C062,2,b1c38,617.0,559.773031337565
C062,2,b1c39,625.0,589.4570790685295
C062,2,b1c44,616.0,474.1045416669353
C062,3,b1c9,1054.0,954.5700852048677
C062,3,b1c16,862.0,847.0346073799984
C062,3,b1c17,857.0,726.4027185081926
C062,3,b1c24,1017.0,929.5091579082383
C062,3,b1c25,854.0,933.2328019439924
C062,3,b1c27,842.0,794.3745229745219
C062,3,b1c34,742.0,799.8019597339694
C062,3,b1c35,703.0,745.8021665622521
C062,3,b1c37,648.0,817.4245404372548
C063,1,b1c5,1074.0,814.8975122075642
C063,1,b1c6,636.0,624.9804835411568
C063,1,b1c7,870.0,816.2207180291871
C063,1,b1c18,691.0,84.18539778160718
C063,1,b1c19,788.0,713.708231562553
C063,1,b1c20,534.0,199.69859666253188
C063,1,b1c32,731.0,667.116903132614
C063,1,b1c33,757.0,752.0877100593647
C063,1,b1c42,702.0,794.8278483302701
C063,1,b1c43,651.0,653.8070163053836
C063,2,b1c11,788.0,958.3599090148075
C063,2,b1c14,880.0,736.9279608970667
C063,2,b1c15,719.0,702.4479170103655
C063,2,b1c28,860.0,727.4547512826833
C063,2,b1c29,917.0,826.7601742948872
C063,2,b1c30,709.0,790.5292303701794
C063,2,b1c38,617.0,560.4739654459224
C063,2,b1c39,625.0,597.8929656499333
C063,2,b1c44,616.0,479.39925049816134
C063,3,b1c9,1054.0,961.6767036170833
C063,3,b1c16,862.0,843.5134641291797
C063,3,b1c17,857.0,745.6555813611094
C063,3,b1c24,1017.0,923.4991051278504
C063,3,b1c25,854.0,927.943285451566
C063,3,b1c27,842.0,795.6268481583755
C063,3,b1c34,742.0,807.4435948287709
C063,3,b1c35,703.0,752.3834852985755
C063,3,b1c37,648.0,809.9855631183208
C064,1,b1c5,1074.0,872.8068422445161
C064,1,b1c6,636.0,671.3491141041663
C064,1,b1c7,870.0,867.0599448038262
C064,1,b1c18,691.0,206.73922599155773
C064,1,b1c19,788.0,731.1146710986078
C064,1,b1c20,534.0,260.0013440133566
C064,1,b1c32,731.0,681.2581171729872
C064,1,b1c33,757.0,758.8605021181007
C064,1,b1c42,702.0,793.7002390257879
C064,1,b1c43,651.0,660.4953535592584
C064,2,b1c11,788.0,890.8940767799404
C064,2,b1c14,880.0,793.4069651473418
C064,2,b1c15,719.0,756.8201233651113
C064,2,b1c28,860.0,756.1442555350543
C064,2,b1c29,917.0,819.7723505436925
C064,2,b1c30,709.0,772.7617385045377
C064,2,b1c38,617.0,570.7380587740897
C064,2,b1c39,625.0,622.7139670310653
C064,2,b1c44,616.0,527.6066101896133
C064,3,b1c9,1054.0,949.0684906919772
C064,3,b1c16,862.0,842.3274121324708
C064,3,b1c17,857.0,776.0459384532239
C064,3,b1c24,1017.0,894.4297202228862
C064,3,b1c25,854.0,894.4474063536301
C064,3,b1c27,842.0,783.0734021027342
C064,3,b1c34,742.0,810.9446742169604
C064,3,b1c35,703.0,766.8473949064664
C064,3,b1c37,648.0,794.8016926271778
C065,1,b1c5,1074.0,852.0311428313042
C065,1,b1c6,636.0,727.031802302048
C065,1,b1c7,870.0,818.2724250741168
C065,1,b1c18,691.0,576.0503850466457
C065,1,b1c19,788.0,737.5445963310888
C065,1,b1c20,534.0,386.57498252778385
C065,1,b1c32,731.0,706.2411923029489
C065,1,b1c33,757.0,743.2830302020701
C065,1,b1c42,702.0,783.4277171355719
C065,1,b1c43,651.0,693.3414232671029
C065,2,b1c11,788.0,839.6116868801503
C065,2,b1c14,880.0,827.2382661962292
C065,2,b1c15,719.0,800.3830031218265
C065,2,b1c28,860.0,776.2402340377753
C065,2,b1c29,917.0,810.3123154376312
C065,2,b1c30,709.0,759.0218495021907
C065,2,b1c38,617.0,655.6728753402906
C065,2,b1c39,625.0,704.5739682292018
C065,2,b1c44,616.0,653.5334814445024
C065,3,b1c9,1054.0,871.3891837015389
C065,3,b1c16,862.0,825.6220938083904
C065,3,b1c17,857.0,801.5127718955854
C065,3,b1c24,1017.0,822.9501765175717
C065,3,b1c25,854.0,814.5701562088515
C065,3,b1c27,842.0,748.8924935918598
C065,3,b1c34,742.0,793.0986726639622
C065,3,b1c35,703.0,783.9081161112067
C065,3,b1c37,648.0,768.031888021488
C066,1,b1c5,1074.0,807.5927274658366
C066,1,b1c6,636.0,775.9169805718458
C066,1,b1c7,870.0,777.0009198715201
C066,1,b1c18,691.0,900.5290280615769
C066,1,b1c19,788.0,761.3649332467514
C066,1,b1c20,534.0,632.220632007717
C066,1,b1c32,731.0,754.792906843209
C066,1,b1c33,757.0,753.5019965735363
C066,1,b1c42,702.0,775.870297257253
C066,1,b1c43,651.0,752.8940417580928
C066,2,b1c11,788.0,808.0967328224294
C066,2,b1c14,880.0,809.2720631996395
C066,2,b1c15,719.0,802.321263963323
C066,2,b1c28,860.0,784.641461976133
C066,2,b1c29,917.0,791.11572123202
C066,2,b1c30,709.0,768.7987509768811
C066,2,b1c38,617.0,742.8518365910539
C066,2,b1c39,625.0,761.7066043326166
C066,2,b1c44,616.0,740.418120660328
C066,3,b1c9,1054.0,778.585612234806
C066,3,b1c16,862.0,764.8889540113852
C066,3,b1c17,857.0,761.9304913277031
C066,3,b1c24,1017.0,769.406308830269
C066,3,b1c25,854.0,767.3847921538556
C066,3,b1c27,842.0,740.9637600301606
C066,3,b1c34,742.0,757.0752082520553
C066,3,b1c35,703.0,757.3036834437463
C066,3,b1c37,648.0,748.9466680591722
C067,1,b1c5,1074.0,836.7892135272135
C067,1,b1c6,636.0,818.1320931568429
C067,1,b1c7,870.0,880.18873015873
C067,1,b1c18,691.0,701.5922157564659
C067,1,b1c19,788.0,719.9135026455028
C067,1,b1c20,534.0,697.2783863913864
C067,1,b1c32,731.0,679.791065804566
C067,1,b1c33,757.0,716.7217724867727
C067,1,b1c42,702.0,685.978370851371
C067,1,b1c43,651.0,668.1658796296297
C067,2,b1c11,788.0,1001.5902261904761
C067,2,b1c14,880.0,964.3057817460317
C067,2,b1c15,719.0,972.6156468253969
C067,2,b1c28,860.0,768.9513187830689
C067,2,b1c29,917.0,777.5076851851853
C067,2,b1c30,709.0,732.678667989418
C067,2,b1c38,617.0,683.7778174603176
C067,2,b1c39,625.0,738.7925833333335
C067,2,b1c44,616.0,730.5309497354497
C067,3,b1c9,1054.0,854.2316242738741
C067,3,b1c16,862.0,840.9867956302955
C067,3,b1c17,857.0,830.1767837255336
C067,3,b1c24,1017.0,834.9037171069672
C067,3,b1c25,854.0,839.0168994061494
C067,3,b1c27,842.0,800.570359122359
C067,3,b1c34,742.0,856.5503605653604
C067,3,b1c35,703.0,798.4971798294293
C067,3,b1c37,648.0,740.8150265105266
C068,1,b1c5,1074.0,843.2033354978355
C068,1,b1c6,636.0,819.053196248196
C068,1,b1c7,870.0,829.9657368927365
C068,1,b1c18,691.0,692.7559023569023
C068,1,b1c19,788.0,700.4602527657527
C068,1,b1c20,534.0,695.3486642616642
C068,1,b1c32,731.0,675.1996535594036
C068,1,b1c33,757.0,701.9312633477632
C068,1,b1c42,702.0,693.7390341510342
C068,1,b1c43,651.0,683.3183956228957
C068,2,b1c11,788.0,939.0540291005298
C068,2,b1c14,880.0,928.365436507937
C068,2,b1c15,719.0,928.365436507937
C068,2,b1c28,860.0,775.2310544733045
C068,2,b1c29,917.0,782.7533997113997
C068,2,b1c30,709.0,739.3664913419913
C068,2,b1c38,617.0,673.2139702982203
C068,2,b1c39,625.0,747.7551904761906
C068,2,b1c44,616.0,735.1032638287638
C068,3,b1c9,1054.0,871.5159865319868
C068,3,b1c16,862.0,852.010937830688
C068,3,b1c17,857.0,841.8827988215489
C068,3,b1c24,1017.0,848.374314454065
C068,3,b1c25,854.0,849.2832033429538
C068,3,b1c27,842.0,811.600670875421
C068,3,b1c34,742.0,871.9147509620012
C068,3,b1c35,703.0,797.4670995670998
C068,3,b1c37,648.0,737.9816000481001
C069,1,b1c5,1074.0,828.08
C069,1,b1c6,636.0,803.99
C069,1,b1c7,870.0,881.1666666666666
C069,1,b1c18,691.0,699.73
C069,1,b1c19,788.0,719.5866666666667
C069,1,b1c20,534.0,694.47
C069,1,b1c32,731.0,679.52
C069,1,b1c33,757.0,717.48
C069,1,b1c42,702.0,685.7066666666667
C069,1,b1c43,651.0,667.25
C069,2,b1c11,788.0,1003.9433333333334
C069,2,b1c14,880.0,964.4166666666666
C069,2,b1c15,719.0,973.5066666666667
C069,2,b1c28,860.0,761.7633333333333
C069,2,b1c29,917.0,773.6733333333333
C069,2,b1c30,709.0,731.6233333333333
C069,2,b1c38,617.0,683.2833333333333
C069,2,b1c39,625.0,735.7066666666667
C069,2,b1c44,616.0,729.83
C069,3,b1c9,1054.0,862.08
C069,3,b1c16,862.0,848.7366666666667
C069,3,b1c17,857.0,831.61
C069,3,b1c24,1017.0,833.97
C069,3,b1c25,854.0,839.7233333333334
C069,3,b1c27,842.0,807.26
C069,3,b1c34,742.0,861.3766666666667
C069,3,b1c35,703.0,802.6566666666666
C069,3,b1c37,648.0,739.7333333333333
C070,1,b1c5,1074.0,843.2033354978355
C070,1,b1c6,636.0,819.053196248196
C070,1,b1c7,870.0,829.9657368927365
C070,1,b1c18,691.0,692.7559023569023
C070,1,b1c19,788.0,700.4602527657527
C070,1,b1c20,534.0,695.3486642616642
C070,1,b1c32,731.0,675.1996535594036
C070,1,b1c33,757.0,701.9312633477632
C070,1,b1c42,702.0,693.7390341510342
C070,1,b1c43,651.0,683.3183956228957
C070,2,b1c11,788.0,939.0540291005298
C070,2,b1c14,880.0,928.365436507937
C070,2,b1c15,719.0,928.365436507937
C070,2,b1c28,860.0,775.2310544733045
C070,2,b1c29,917.0,782.7533997113997
C070,2,b1c30,709.0,739.3664913419913
C070,2,b1c38,617.0,673.2139702982203
C070,2,b1c39,625.0,747.7551904761906
C070,2,b1c44,616.0,735.1032638287638
C070,3,b1c9,1054.0,871.5159865319868
C070,3,b1c16,862.0,852.010937830688
C070,3,b1c17,857.0,841.8827988215489
C070,3,b1c24,1017.0,848.374314454065
C070,3,b1c25,854.0,849.2832033429538
C070,3,b1c27,842.0,811.600670875421
C070,3,b1c34,742.0,871.9147509620012
C070,3,b1c35,703.0,797.4670995670998
C070,3,b1c37,648.0,737.9816000481001
C071,1,b1c5,1074.0,808.1086020822186
C071,1,b1c6,636.0,589.296323191201
C071,1,b1c7,870.0,800.3874186338631
C071,1,b1c18,691.0,-779.0409276555913
C071,1,b1c19,788.0,705.7220349342649
C071,1,b1c20,534.0,-316.0529973094492
C071,1,b1c32,731.0,657.0733698259234
C071,1,b1c33,757.0,800.3057227493495
C071,1,b1c42,702.0,811.583821229676
C071,1,b1c43,651.0,606.5560409969116
C071,2,b1c11,788.0,1020.0749023355854
C071,2,b1c14,880.0,674.5672637070961
C071,2,b1c15,719.0,605.8824955366581
C071,2,b1c28,860.0,705.8842797798226
C071,2,b1c29,917.0,859.1393919596436
C071,2,b1c30,709.0,798.6260358650144
C071,2,b1c38,617.0,496.3424358165367
C071,2,b1c39,625.0,523.6898093998832
C071,2,b1c44,616.0,389.1598831677193
C071,3,b1c9,1054.0,944.3922627637527
C071,3,b1c16,862.0,876.6228520946182
C071,3,b1c17,857.0,756.9845098179043
C071,3,b1c24,1017.0,921.5113553173385
C071,3,b1c25,854.0,922.721133648817
C071,3,b1c27,842.0,801.2071005433316
C071,3,b1c34,742.0,808.589849096578
C071,3,b1c35,703.0,769.4506156489622
C071,3,b1c37,648.0,806.9769224373999
C072,1,b1c5,1074.0,830.9027822018672
C072,1,b1c6,636.0,607.0642789610256
C072,1,b1c7,870.0,821.4694444844007
C072,1,b1c18,691.0,-612.6096587689119
C072,1,b1c19,788.0,712.1411923566448
C072,1,b1c20,534.0,-250.95141119499795
C072,1,b1c32,731.0,662.5348157090854
C072,1,b1c33,757.0,800.2700189539013
C072,1,b1c42,702.0,811.0618819056759
C072,1,b1c43,651.0,612.5055221963842
C072,2,b1c11,788.0,967.0268409529939
C072,2,b1c14,880.0,751.9936141572306
C072,2,b1c15,719.0,689.2164094039451
C072,2,b1c28,860.0,741.7727816193726
C072,2,b1c29,917.0,847.5774812243845
C072,2,b1c30,709.0,786.8007560282066
C072,2,b1c38,617.0,500.63515911844866
C072,2,b1c39,625.0,537.8744290567428
C072,2,b1c44,616.0,398.0706159584475
C072,3,b1c9,1054.0,948.8007458302062
C072,3,b1c16,862.0,875.2735286304103
C072,3,b1c17,857.0,775.331409299634
C072,3,b1c24,1017.0,917.0179615173096
C072,3,b1c25,854.0,918.6845903792348
C072,3,b1c27,842.0,802.4924015896929
C072,3,b1c34,742.0,814.3067977514354
C072,3,b1c35,703.0,775.63136933614
C072,3,b1c37,648.0,799.3970914599513
C073,1,b1c5,1074.0,885.5212336373415
C073,1,b1c6,636.0,659.5075168050975
C073,1,b1c7,870.0,867.8497216916638
C073,1,b1c18,691.0,-114.66976542105192
C073,1,b1c19,788.0,728.2701560647974
C073,1,b1c20,534.0,-50.6845593427239
C073,1,b1c32,731.0,679.4261864550584
C073,1,b1c33,757.0,794.7178224707312
C073,1,b1c42,702.0,808.6677658772699
C073,1,b1c43,651.0,634.6151922606302
C073,2,b1c11,788.0,906.8908575352077
C073,2,b1c14,880.0,812.5372971438686
C073,2,b1c15,719.0,752.8988190038034
C073,2,b1c28,860.0,772.4384577122162
C073,2,b1c29,917.0,839.6048613417877
C073,2,b1c30,709.0,769.4197701766913
C073,2,b1c38,617.0,518.6550510997557
C073,2,b1c39,625.0,573.985559847969
C073,2,b1c44,616.0,473.71606447394726
C073,3,b1c9,1054.0,938.724723474833
C073,3,b1c16,862.0,873.3349327971496
C073,3,b1c17,857.0,801.901042769415
C073,3,b1c24,1017.0,894.4035550937812
C073,3,b1c25,854.0,892.6026520163126
C073,3,b1c27,842.0,791.2585279013873
C073,3,b1c34,742.0,816.7313132500041
C073,3,b1c35,703.0,788.1504960505937
C073,3,b1c37,648.0,786.8490787981921
C074,1,b1c5,1074.0,866.2155073689787
C074,1,b1c6,636.0,724.5023987387095
C074,1,b1c7,870.0,825.3581642403251
C074,1,b1c18,691.0,530.579992113215
C074,1,b1c19,788.0,737.336530587075
C074,1,b1c20,534.0,251.53154643109383
C074,1,b1c32,731.0,709.1004899878919
C074,1,b1c33,757.0,764.6037439165261
C074,1,b1c42,702.0,796.2230903853903
C074,1,b1c43,651.0,687.3733094040904
C074,2,b1c11,788.0,858.4419385671163
C074,2,b1c14,880.0,841.5179282506127
C074,2,b1c15,719.0,804.4801430704222
C074,2,b1c28,860.0,788.6145327052482
C074,2,b1c29,917.0,826.418467020908
C074,2,b1c30,709.0,761.9776282350277
C074,2,b1c38,617.0,637.6363776765687
C074,2,b1c39,625.0,686.1403184287478
C074,2,b1c44,616.0,643.640861414
C074,3,b1c9,1054.0,875.146876735399
C074,3,b1c16,862.0,848.035176430555
C074,3,b1c17,857.0,819.1787306373694
C074,3,b1c24,1017.0,832.3272778243198
C074,3,b1c25,854.0,823.0433725525694
C074,3,b1c27,842.0,758.2503785630845
C074,3,b1c34,742.0,800.9770215359041
C074,3,b1c35,703.0,800.107373720967
C074,3,b1c37,648.0,768.7600706565037
C075,1,b1c5,1074.0,819.5469019989171
C075,1,b1c6,636.0,783.3473834080958
C075,1,b1c7,870.0,787.2278680765428
C075,1,b1c18,691.0,889.2748156235328
C075,1,b1c19,788.0,769.0972777381775
C075,1,b1c20,534.0,629.0395014546831
C075,1,b1c32,731.0,763.7434750502227
C075,1,b1c33,757.0,766.5832221495999
C075,1,b1c42,702.0,786.9248182937912
C075,1,b1c43,651.0,759.7644995549686
C075,2,b1c11,788.0,820.7829087154108
C075,2,b1c14,880.0,821.3995731162265
C075,2,b1c15,719.0,811.5109622814795
C075,2,b1c28,860.0,796.3877388301188
C075,2,b1c29,917.0,804.3281518756254
C075,2,b1c30,709.0,778.5691245783477
C075,2,b1c38,617.0,750.6616999000008
C075,2,b1c39,625.0,767.8382571799267
C075,2,b1c44,616.0,751.1532593495202
C075,3,b1c9,1054.0,788.6275659156306
C075,3,b1c16,862.0,779.2179107148286
C075,3,b1c17,857.0,774.5377034820939
C075,3,b1c24,1017.0,779.787783155351
C075,3,b1c25,854.0,777.1389839464639
C075,3,b1c27,842.0,750.5431273592624
C075,3,b1c34,742.0,766.8477169501374
C075,3,b1c35,703.0,769.5836710942332
C075,3,b1c37,648.0,756.6049009034252
C076,1,b1c5,1074.0,803.1073437346114
C076,1,b1c6,636.0,602.6833007401691
C076,1,b1c7,870.0,774.4094992697767
C076,1,b1c18,691.0,77.98987018698467
C076,1,b1c19,788.0,689.6984270028014
C076,1,b1c20,534.0,206.27153202495774
C076,1,b1c32,731.0,661.2113789875359
C076,1,b1c33,757.0,776.1002341689382
C076,1,b1c42,702.0,789.0267832730964
C076,1,b1c43,651.0,634.8246746772767
C076,2,b1c11,788.0,1034.6668012434486
C076,2,b1c14,880.0,684.7499065197524
C076,2,b1c15,719.0,630.4768507449887
C076,2,b1c28,860.0,706.186444629344
C076,2,b1c29,917.0,843.2082468037057
C076,2,b1c30,709.0,797.1725514801441
C076,2,b1c38,617.0,556.6564599301877
C076,2,b1c39,625.0,574.4471156654583
C076,2,b1c44,616.0,472.7854573723257
C076,3,b1c9,1054.0,962.3283533739723
C076,3,b1c16,862.0,876.3768991914126
C076,3,b1c17,857.0,751.0620898717992
C076,3,b1c24,1017.0,930.5118372220181
C076,3,b1c25,854.0,942.5138289126256
C076,3,b1c27,842.0,808.9848200552833
C076,3,b1c34,742.0,799.0077882563774
C076,3,b1c35,703.0,748.0116755342434
C076,3,b1c37,648.0,786.3255059876674
C077,1,b1c5,1074.0,827.0434062492036
C077,1,b1c6,636.0,617.3791103250813
C077,1,b1c7,870.0,796.8839445267063
C077,1,b1c18,691.0,99.61710457726551
C077,1,b1c19,788.0,696.3208985644014
C077,1,b1c20,534.0,223.95891527244638
C077,1,b1c32,731.0,665.8735517945561
C077,1,b1c33,757.0,777.0521837951835
C077,1,b1c42,702.0,788.7764609811614
C077,1,b1c43,651.0,638.6151513942057
C077,2,b1c11,788.0,967.6972861676282
C077,2,b1c14,880.0,754.121919194488
C077,2,b1c15,719.0,699.1881873946048
C077,2,b1c28,860.0,738.6572192092135
C077,2,b1c29,917.0,831.3108300570526
C077,2,b1c30,709.0,785.1118925267651
C077,2,b1c38,617.0,558.9649555243426
C077,2,b1c39,625.0,584.4164521472524
C077,2,b1c44,616.0,478.563782729622
C077,3,b1c9,1054.0,965.5953003854951
C077,3,b1c16,862.0,875.189358751564
C077,3,b1c17,857.0,764.8333134814097
C077,3,b1c24,1017.0,925.5227464278246
C077,3,b1c25,854.0,937.4952668742553
C077,3,b1c27,842.0,809.0973110115506
C077,3,b1c34,742.0,803.3536634130162
C077,3,b1c35,703.0,753.0288304441958
C077,3,b1c37,648.0,780.5792110362329
C078,1,b1c5,1074.0,887.1241790081166
C078,1,b1c6,636.0,664.0131606505576
C078,1,b1c7,870.0,852.3134753437056
C078,1,b1c18,691.0,220.30354826060662
C078,1,b1c19,788.0,715.6185154365827
C078,1,b1c20,534.0,286.04476151917333
C078,1,b1c32,731.0,680.31200460443
C078,1,b1c33,757.0,776.4533337798923
C078,1,b1c42,702.0,788.2592174628303
C078,1,b1c43,651.0,650.9291276127715
C078,2,b1c11,788.0,894.3613085443623
C078,2,b1c14,880.0,812.6393793258575
C078,2,b1c15,719.0,754.7058327096803
C078,2,b1c28,860.0,767.9835062800719
C078,2,b1c29,917.0,824.1192609463706
C078,2,b1c30,709.0,766.0155000251655
C078,2,b1c38,617.0,567.8096230844108
C078,2,b1c39,625.0,609.3484233989444
C078,2,b1c44,616.0,528.0285135012198
C078,3,b1c9,1054.0,950.7511353093195
C078,3,b1c16,862.0,872.7283689226712
C078,3,b1c17,857.0,788.3765680431763
C078,3,b1c24,1017.0,898.7828003238532
C078,3,b1c25,854.0,904.8607202854644
C078,3,b1c27,842.0,794.3999308459331
C078,3,b1c34,742.0,805.1286082919198
C078,3,b1c35,703.0,766.4359506072847
C078,3,b1c37,648.0,770.692491310433
C079,1,b1c5,1074.0,863.3923247122026
C079,1,b1c6,636.0,721.4041296753638
C079,1,b1c7,870.0,813.7330398676218
C079,1,b1c18,691.0,578.0816459908403
C079,1,b1c19,788.0,728.4671866002184
C079,1,b1c20,534.0,402.0228340464501
C079,1,b1c32,731.0,704.7747013283308
C079,1,b1c33,757.0,751.696366223768
C079,1,b1c42,702.0,781.0808018132576
C079,1,b1c43,651.0,686.7168852536804
C079,2,b1c11,788.0,841.0386420290123
C079,2,b1c14,880.0,837.5229009251811
C079,2,b1c15,719.0,797.3965624274235
C079,2,b1c28,860.0,781.8729107200917
C079,2,b1c29,917.0,813.4993080208468
C079,2,b1c30,709.0,753.5290315285732
C079,2,b1c38,617.0,648.0357197006616
C079,2,b1c39,625.0,692.0713549958115
C079,2,b1c44,616.0,651.7577747572162
C079,3,b1c9,1054.0,874.538194182409
C079,3,b1c16,862.0,842.607272224911
C079,3,b1c17,857.0,807.8725495496925
C079,3,b1c24,1017.0,828.767677412842
C079,3,b1c25,854.0,822.5897574819006
C079,3,b1c27,842.0,754.2003003198815
C079,3,b1c34,742.0,791.0633456496279
C079,3,b1c35,703.0,785.7981012244412
C079,3,b1c37,648.0,757.1498831963017
C080,1,b1c5,1074.0,810.9574174117007
C080,1,b1c6,636.0,774.0974863100178
C080,1,b1c7,870.0,776.1753689624674
C080,1,b1c18,691.0,900.4232952811757
C080,1,b1c19,788.0,758.6569656604133
C080,1,b1c20,534.0,635.1037760207795
C080,1,b1c32,731.0,753.8511637154442
C080,1,b1c33,757.0,755.2614830405873
C080,1,b1c42,702.0,775.4614181088891
C080,1,b1c43,651.0,750.0658871064605
C080,2,b1c11,788.0,807.7781429226832
C080,2,b1c14,880.0,811.5502941585615
C080,2,b1c15,719.0,800.6750780967396
C080,2,b1c28,860.0,785.5503353367421
C080,2,b1c29,917.0,792.1291598077358
C080,2,b1c30,709.0,766.5108225745951
C080,2,b1c38,617.0,740.2828539707834
C080,2,b1c39,625.0,757.8896787175879
C080,2,b1c44,616.0,740.7983011340526
C080,3,b1c9,1054.0,779.7406428960335
C080,3,b1c16,862.0,769.2343925174713
C080,3,b1c17,857.0,763.825867988941
C080,3,b1c24,1017.0,771.4534384771036
C080,3,b1c25,854.0,769.556169832179
C080,3,b1c27,842.0,741.691008961739
C080,3,b1c34,742.0,756.9217548227632
C080,3,b1c35,703.0,758.8535583901903
C080,3,b1c37,648.0,746.5754832743609
C081,1,b1c5,1074.0,865.4961993746996
C081,1,b1c6,636.0,762.0241954064455
C081,1,b1c7,870.0,747.3310079365081
C081,1,b1c18,691.0,691.0670313852814
C081,1,b1c19,788.0,700.8313134920637
C081,1,b1c20,534.0,682.154844877345
C081,1,b1c32,731.0,674.0656190476191
C081,1,b1c33,757.0,702.6168095238097
C081,1,b1c42,702.0,676.3147433862433
C081,1,b1c43,651.0,660.3860833333333
C081,2,b1c11,788.0,1000.699988095238
C081,2,b1c14,880.0,961.6291150793651
C081,2,b1c15,719.0,959.360503968254
C081,2,b1c28,860.0,767.958482804233
C081,2,b1c29,917.0,777.6277063492065
C081,2,b1c30,709.0,730.0913306878308
C081,2,b1c38,617.0,681.9023888888892
C081,2,b1c39,625.0,742.1755105820107
C081,2,b1c44,616.0,733.1108862433862
C081,3,b1c9,1054.0,854.0126017871017
C081,3,b1c16,862.0,855.804501979502
C081,3,b1c17,857.0,829.9965734080736
C081,3,b1c24,1017.0,842.2169464239466
C081,3,b1c25,854.0,847.5876287231289
C081,3,b1c27,842.0,819.167122830873
C081,3,b1c34,742.0,856.007327977578
C081,3,b1c35,703.0,795.9592201132199
C081,3,b1c37,648.0,716.0288060920562
C082,1,b1c5,1074.0,864.6353315388315
C082,1,b1c6,636.0,757.3954767917267
C082,1,b1c7,870.0,714.1218021885521
C082,1,b1c18,691.0,686.3908431938429
C082,1,b1c19,788.0,688.9478868446367
C082,1,b1c20,534.0,684.4455098605098
C082,1,b1c32,731.0,675.6195177970178
C082,1,b1c33,757.0,688.6429979557479
C082,1,b1c42,702.0,681.9563377825878
C082,1,b1c43,651.0,679.6150044492543
C082,2,b1c11,788.0,939.1191005291012
C082,2,b1c14,880.0,927.9398412698418
C082,2,b1c15,719.0,927.9398412698418
C082,2,b1c28,860.0,776.719594155844
C082,2,b1c29,917.0,784.7326060606059
C082,2,b1c30,709.0,739.5152849927848
C082,2,b1c38,617.0,674.2061475468975
C082,2,b1c39,625.0,748.6377804232803
C082,2,b1c44,616.0,735.5165204425202
C082,3,b1c9,1054.0,867.995233886484
C082,3,b1c16,862.0,865.7145912698414
C082,3,b1c17,857.0,849.3542406204907
C082,3,b1c24,1017.0,856.7773633958636
C082,3,b1c25,854.0,856.9940300625302
C082,3,b1c27,842.0,828.0004142616643
C082,3,b1c34,742.0,868.5494427609428
C082,3,b1c35,703.0,804.7479189514189
C082,3,b1c37,648.0,714.7163814333815
C083,1,b1c5,1074.0,867.4066666666666
C083,1,b1c6,636.0,761.33
C083,1,b1c7,870.0,748.89
C083,1,b1c18,691.0,690.9933333333333
C083,1,b1c19,788.0,701.4433333333334
C083,1,b1c20,534.0,682.2333333333333
C083,1,b1c32,731.0,674.4
C083,1,b1c33,757.0,704.0733333333334
C083,1,b1c42,702.0,677.01
C083,1,b1c43,651.0,659.64
C083,2,b1c11,788.0,1002.62
C083,2,b1c14,880.0,962.1533333333333
C083,2,b1c15,719.0,961.8
C083,2,b1c28,860.0,761.01
C083,2,b1c29,917.0,772.89
C083,2,b1c30,709.0,725.9066666666666
C083,2,b1c38,617.0,679.2
C083,2,b1c39,625.0,739.3033333333333
C083,2,b1c44,616.0,733.3133333333334
C083,3,b1c9,1054.0,861.2433333333333
C083,3,b1c16,862.0,863.3633333333333
C083,3,b1c17,857.0,832.3833333333333
C083,3,b1c24,1017.0,837.46
C083,3,b1c25,854.0,846.6
C083,3,b1c27,842.0,824.9733333333334
C083,3,b1c34,742.0,859.32
C083,3,b1c35,703.0,792.8266666666667
C083,3,b1c37,648.0,715.0833333333334
C084,1,b1c5,1074.0,864.6353315388315
C084,1,b1c6,636.0,757.3954767917267
C084,1,b1c7,870.0,714.1218021885521
C084,1,b1c18,691.0,686.3908431938429
C084,1,b1c19,788.0,688.9478868446367
C084,1,b1c20,534.0,684.4455098605098
C084,1,b1c32,731.0,675.6195177970178
C084,1,b1c33,757.0,688.6429979557479
C084,1,b1c42,702.0,681.9563377825878
C084,1,b1c43,651.0,679.6150044492543
C084,2,b1c11,788.0,939.1191005291012
C084,2,b1c14,880.0,927.9398412698418
C084,2,b1c15,719.0,927.9398412698418
C084,2,b1c28,860.0,776.719594155844
C084,2,b1c29,917.0,784.7326060606059
C084,2,b1c30,709.0,739.5152849927848
C084,2,b1c38,617.0,674.2061475468975
C084,2,b1c39,625.0,748.6377804232803
C084,2,b1c44,616.0,735.5165204425202
C084,3,b1c9,1054.0,867.995233886484
C084,3,b1c16,862.0,865.7145912698414
C084,3,b1c17,857.0,849.3542406204907
C084,3,b1c24,1017.0,856.7773633958636
C084,3,b1c25,854.0,856.9940300625302
C084,3,b1c27,842.0,828.0004142616643
C084,3,b1c34,742.0,868.5494427609428
C084,3,b1c35,703.0,804.6568078403079
C084,3,b1c37,648.0,714.6252703222705
C085,1,b1c5,1074.0,876.0891391956313
C085,1,b1c6,636.0,649.8032780549952
C085,1,b1c7,870.0,860.1022810912414
C085,1,b1c18,691.0,395.5155710998217
C085,1,b1c19,788.0,733.4305354976317
C085,1,b1c20,534.0,-55.0951825891575
C085,1,b1c32,731.0,664.1793913352856
C085,1,b1c33,757.0,833.41032298478
C085,1,b1c42,702.0,794.3517878095987
C085,1,b1c43,651.0,585.9922004291794
C085,2,b1c11,788.0,885.6492378400121
C085,2,b1c14,880.0,762.3856239690781
C085,2,b1c15,719.0,654.4764397069662
C085,2,b1c28,860.0,772.4303697813733
C085,2,b1c29,917.0,851.7567234582311
C085,2,b1c30,709.0,737.4391299593347
C085,2,b1c38,617.0,469.4086878329468
C085,2,b1c39,625.0,585.3243142898967
C085,2,b1c44,616.0,643.599911692342
C085,3,b1c9,1054.0,983.3326492794117
C085,3,b1c16,862.0,924.3914409012564
C085,3,b1c17,857.0,821.751717276213
C085,3,b1c24,1017.0,894.8170291363438
C085,3,b1c25,854.0,927.4782343938657
C085,3,b1c27,842.0,804.337195088765
C085,3,b1c34,742.0,833.3728965913447
C085,3,b1c35,703.0,771.4289124569616
C085,3,b1c37,648.0,759.5833614231367
C086,1,b1c5,1074.0,881.2227520276385
C086,1,b1c6,636.0,653.7508779670376
C086,1,b1c7,870.0,861.9743454439321
C086,1,b1c18,691.0,401.06930897618355
C086,1,b1c19,788.0,731.7531268074412
C086,1,b1c20,534.0,-34.0807917758699
C086,1,b1c32,731.0,664.8018599187562
C086,1,b1c33,757.0,829.0813339764255
C086,1,b1c42,702.0,794.9542897298854
C086,1,b1c43,651.0,591.0300206121506
C086,2,b1c11,788.0,868.1415065476847
C086,2,b1c14,880.0,812.8481612899006
C086,2,b1c15,719.0,717.7318298638479
C086,2,b1c28,860.0,791.0013204943432
C086,2,b1c29,917.0,843.5402972596785
C086,2,b1c30,709.0,736.6710702496782
C086,2,b1c38,617.0,487.03539796176824
C086,2,b1c39,625.0,595.1356297953716
C086,2,b1c44,616.0,628.3477553592401
C086,3,b1c9,1054.0,978.5997891028771
C086,3,b1c16,862.0,923.6840089345714
C086,3,b1c17,857.0,818.8500207388716
C086,3,b1c24,1017.0,892.6443134776836
C086,3,b1c25,854.0,923.2218526884917
C086,3,b1c27,842.0,800.3128179892601
C086,3,b1c34,742.0,831.6673466342365
C086,3,b1c35,703.0,773.0959245446375
C086,3,b1c37,648.0,761.7218162390595
C087,1,b1c5,1074.0,896.5050567422064
C087,1,b1c6,636.0,671.0646727744977
C087,1,b1c7,870.0,862.6987698199458
C087,1,b1c18,691.0,430.48191537224795
C087,1,b1c19,788.0,725.1930495616193
C087,1,b1c20,534.0,56.435224729584775
C087,1,b1c32,731.0,669.7283995091375
C087,1,b1c33,757.0,807.6314900132918
C087,1,b1c42,702.0,797.2758688486492
C087,1,b1c43,651.0,615.4858622669697
C087,2,b1c11,788.0,852.1356542497527
C087,2,b1c14,880.0,852.9876452458992
C087,2,b1c15,719.0,774.579411909589
C087,2,b1c28,860.0,802.9158212818269
C087,2,b1c29,917.0,835.329752199574
C087,2,b1c30,709.0,737.0365910898896
C087,2,b1c38,617.0,525.3336511056243
C087,2,b1c39,625.0,620.4793280113702
C087,2,b1c44,616.0,629.6148747130345
C087,3,b1c9,1054.0,959.1508871349254
C087,3,b1c16,862.0,913.7052087105118
C087,3,b1c17,857.0,819.6759309687685
C087,3,b1c24,1017.0,878.220108644806
C087,3,b1c25,854.0,899.227089262052
C087,3,b1c27,842.0,784.6288455770955
C087,3,b1c34,742.0,826.7578150387999
C087,3,b1c35,703.0,782.6602752090399
C087,3,b1c37,648.0,764.9281646064901
C088,1,b1c5,1074.0,872.616019446304
C088,1,b1c6,636.0,710.2588699851739
C088,1,b1c7,870.0,813.6409425596713
C088,1,b1c18,691.0,545.2036033980834
C088,1,b1c19,788.0,725.239843579664
C088,1,b1c20,534.0,264.5708691073621
C088,1,b1c32,731.0,701.0817571539914
C088,1,b1c33,757.0,760.0862569109145
C088,1,b1c42,702.0,793.38457724535
C088,1,b1c43,651.0,681.9634230825184
C088,2,b1c11,788.0,849.9289288501703
C088,2,b1c14,880.0,855.9459064602788
C088,2,b1c15,719.0,811.4498042880791
C088,2,b1c28,860.0,797.7112291267863
C088,2,b1c29,917.0,823.3287596782848
C088,2,b1c30,709.0,750.3310547971992
C088,2,b1c38,617.0,638.112309117668
C088,2,b1c39,625.0,697.4302448660402
C088,2,b1c44,616.0,682.5644606360934
C088,3,b1c9,1054.0,887.9583768591692
C088,3,b1c16,862.0,864.9187382813327
C088,3,b1c17,857.0,820.9744831294646
C088,3,b1c24,1017.0,829.4057489589161
C088,3,b1c25,854.0,831.0357884616985
C088,3,b1c27,842.0,754.2430915807508
C088,3,b1c34,742.0,805.7915845827162
C088,3,b1c35,703.0,795.6347649237061
C088,3,b1c37,648.0,762.8005522433024
C089,1,b1c5,1074.0,820.1198851787029
C089,1,b1c6,636.0,768.2747016099225
C089,1,b1c7,870.0,783.1727749694829
C089,1,b1c18,691.0,719.4637368142281
C089,1,b1c19,788.0,763.6600790132994
C089,1,b1c20,534.0,607.6936936711234
C089,1,b1c32,731.0,762.6572029051648
C089,1,b1c33,757.0,762.6924703461077
C089,1,b1c42,702.0,789.8979801840484
C089,1,b1c43,651.0,761.8398057059434
C089,2,b1c11,788.0,823.3778030158485
C089,2,b1c14,880.0,822.1252778211474
C089,2,b1c15,719.0,811.3658322576267
C089,2,b1c28,860.0,796.1039019581187
C089,2,b1c29,917.0,802.8661061480327
C089,2,b1c30,709.0,777.0567407258812
C089,2,b1c38,617.0,750.1715636127062
C089,2,b1c39,625.0,766.8988904799049
C089,2,b1c44,616.0,751.1715489803601
C089,3,b1c9,1054.0,791.3838493217218
C089,3,b1c16,862.0,782.7899498422431
C089,3,b1c17,857.0,774.4225510186517
C089,3,b1c24,1017.0,779.0934367601957
C089,3,b1c25,854.0,778.9696453314008
C089,3,b1c27,842.0,749.7031068110849
C089,3,b1c34,742.0,767.184281206716
C089,3,b1c35,703.0,767.4631129051451
C089,3,b1c37,648.0,755.29025264545
C090,1,b1c5,1074.0,886.8645864637451
C090,1,b1c6,636.0,665.2022668060929
C090,1,b1c7,870.0,848.781389270326
C090,1,b1c18,691.0,501.7697895140002
C090,1,b1c19,788.0,721.4964222611154
C090,1,b1c20,534.0,308.3187767876708
C090,1,b1c32,731.0,668.2667217491502
C090,1,b1c33,757.0,819.4947800043855
C090,1,b1c42,702.0,768.1476876825301
C090,1,b1c43,651.0,613.4910574788895
C090,2,b1c11,788.0,882.0456083673287
C090,2,b1c14,880.0,758.0803383229743
C090,2,b1c15,719.0,665.2825570455142
C090,2,b1c28,860.0,764.1388008675845
C090,2,b1c29,917.0,837.3351895170207
C090,2,b1c30,709.0,740.0162445560364
C090,2,b1c38,617.0,537.8068323636229
C090,2,b1c39,625.0,618.7339747142563
C090,2,b1c44,616.0,650.2060437614329
C090,3,b1c9,1054.0,1010.5023231363998
C090,3,b1c16,862.0,932.1473092670846
C090,3,b1c17,857.0,823.8648497423441
C090,3,b1c24,1017.0,893.072992719801
C090,3,b1c25,854.0,940.348122450455
C090,3,b1c27,842.0,809.698714978704
C090,3,b1c34,742.0,825.4352550408804
C090,3,b1c35,703.0,752.3752241819765
C090,3,b1c37,648.0,738.5673732442631
C091,1,b1c5,1074.0,891.4884245505514
C091,1,b1c6,636.0,667.8425482759055
C091,1,b1c7,870.0,850.4037406295033
C091,1,b1c18,691.0,503.95461231247594
C091,1,b1c19,788.0,720.0890451302155
C091,1,b1c20,534.0,314.24958058248075
C091,1,b1c32,731.0,668.6124265920447
C091,1,b1c33,757.0,815.1004419571161
C091,1,b1c42,702.0,769.241509402719
C091,1,b1c43,651.0,616.780184333507
C091,2,b1c11,788.0,861.5867389422157
C091,2,b1c14,880.0,810.3502094706005
C091,2,b1c15,719.0,723.1264040901539
C091,2,b1c28,860.0,783.1929909463028
C091,2,b1c29,917.0,828.3841445756732
C091,2,b1c30,709.0,739.068251497525
C091,2,b1c38,617.0,550.0837122910544
C091,2,b1c39,625.0,626.4968533867362
C091,2,b1c44,616.0,637.1045665308034
C091,3,b1c9,1054.0,1000.9003891140122
C091,3,b1c16,862.0,932.0421112680455
C091,3,b1c17,857.0,816.6762682435576
C091,3,b1c24,1017.0,890.3865790369287
C091,3,b1c25,854.0,933.8567400120882
C091,3,b1c27,842.0,803.117376544754
C091,3,b1c34,742.0,822.2401995320962
C091,3,b1c35,703.0,754.4132935837542
C091,3,b1c37,648.0,742.7160396913437
C092,1,b1c5,1074.0,902.9173063316327
C092,1,b1c6,636.0,678.7294595606667
C092,1,b1c7,870.0,849.5478021534891
C092,1,b1c18,691.0,514.5840929712452
C092,1,b1c19,788.0,714.6190540331554
C092,1,b1c20,534.0,337.35575880185814
C092,1,b1c32,731.0,671.6165920184369
C092,1,b1c33,757.0,793.1499076534222
C092,1,b1c42,702.0,774.9425664546857
C092,1,b1c43,651.0,632.5974856028048
C092,2,b1c11,788.0,842.057701866808
C092,2,b1c14,880.0,852.9311373941586
C092,2,b1c15,719.0,776.5491826391938
C092,2,b1c28,860.0,795.6085197399391
C092,2,b1c29,917.0,820.359460246419
C092,2,b1c30,709.0,737.9416743500453
C092,2,b1c38,617.0,575.1046347151414
C092,2,b1c39,625.0,645.1381089186877
C092,2,b1c44,616.0,637.5183924793323
C092,3,b1c9,1054.0,972.367622788153
C092,3,b1c16,862.0,919.8153531999338
C092,3,b1c17,857.0,812.0986544265936
C092,3,b1c24,1017.0,874.8157067303179
C092,3,b1c25,854.0,904.3359071305052
C092,3,b1c27,842.0,783.6211959760809
C092,3,b1c34,742.0,815.9040583999474
C092,3,b1c35,703.0,765.2498090089335
C092,3,b1c37,648.0,749.5750612023926
C093,1,b1c5,1074.0,868.1372263314802
C093,1,b1c6,636.0,706.0344432996043
C093,1,b1c7,870.0,798.3377099344596
C093,1,b1c18,691.0,575.8350854299932
C093,1,b1c19,788.0,715.3504560707638
C093,1,b1c20,534.0,404.84435240739055
C093,1,b1c32,731.0,696.1075271707837
C093,1,b1c33,757.0,746.1022825106385
C093,1,b1c42,702.0,778.9308252513555
C093,1,b1c43,651.0,681.1546035026502
C093,2,b1c11,788.0,836.6842497391953
C093,2,b1c14,880.0,850.7497651549082
C093,2,b1c15,719.0,804.4226664647481
C093,2,b1c28,860.0,789.3754999636454
C093,2,b1c29,917.0,810.6591943466683
C093,2,b1c30,709.0,745.0192330197121
C093,2,b1c38,617.0,651.2774801039465
C093,2,b1c39,625.0,701.6904803573387
C093,2,b1c44,616.0,679.996867765033
C093,3,b1c9,1054.0,887.2749531891272
C093,3,b1c16,862.0,860.4717841156737
C093,3,b1c17,857.0,810.6896985698146
C093,3,b1c24,1017.0,824.5232105320979
C093,3,b1c25,854.0,828.967937793549
C093,3,b1c27,842.0,750.117595007836
C093,3,b1c34,742.0,795.4913084014246
C093,3,b1c35,703.0,781.9719990707291
C093,3,b1c37,648.0,752.2020006869186
C094,1,b1c5,1074.0,810.9320425675164
C094,1,b1c6,636.0,758.229150990757
C094,1,b1c7,870.0,771.4267464173633
C094,1,b1c18,691.0,712.2112843587206
C094,1,b1c19,788.0,752.8115720694113
C094,1,b1c20,534.0,615.3404061254969
C094,1,b1c32,731.0,752.4029224466174
C094,1,b1c33,757.0,751.1166236334602
C094,1,b1c42,702.0,778.8375707206363
C094,1,b1c43,651.0,751.8844268090076
C094,2,b1c11,788.0,810.8622084124785
C094,2,b1c14,880.0,811.403684962705
C094,2,b1c15,719.0,799.9568249229102
C094,2,b1c28,860.0,784.9908565958422
C094,2,b1c29,917.0,790.6630927760278
C094,2,b1c30,709.0,765.8958185937232
C094,2,b1c38,617.0,740.7732243720676
C094,2,b1c39,625.0,757.088220798336
C094,2,b1c44,616.0,739.8122373493253
C094,3,b1c9,1054.0,782.0143194212889
C094,3,b1c16,862.0,772.429920327942
C094,3,b1c17,857.0,763.4579394382337
C094,3,b1c24,1017.0,770.5892383773761
C094,3,b1c25,854.0,771.1376662430141
C094,3,b1c27,842.0,741.2431402019859
C094,3,b1c34,742.0,756.8828440197118
C094,3,b1c35,703.0,756.3635221853438
C094,3,b1c37,648.0,745.4388721823125
C095,1,b1c5,1074.0,834.052823075073
C095,1,b1c6,636.0,705.6048912013911
C095,1,b1c7,870.0,895.393451058201
C095,1,b1c18,691.0,667.2926592389092
C095,1,b1c19,788.0,654.84526984127
C095,1,b1c20,534.0,647.0022619047618
C095,1,b1c32,731.0,664.1053713601214
C095,1,b1c33,757.0,668.6469351851852
C095,1,b1c42,702.0,690.4123210955712
C095,1,b1c43,651.0,677.9459886039887
C095,2,b1c11,788.0,997.4656904761908
C095,2,b1c14,880.0,942.2891349206351
C095,2,b1c15,719.0,922.1563571428574
C095,2,b1c28,860.0,812.3470767195766
C095,2,b1c29,917.0,820.8326812169311
C095,2,b1c30,709.0,724.0208690476192
C095,2,b1c38,617.0,672.9892460317462
C095,2,b1c39,625.0,731.9122394179894
C095,2,b1c44,616.0,722.6773412698413
C095,3,b1c9,1054.0,867.6484116161614
C095,3,b1c16,862.0,859.2342568542566
C095,3,b1c17,857.0,825.9471717171716
C095,3,b1c24,1017.0,851.0596234968734
C095,3,b1c25,854.0,856.1300174362673
C095,3,b1c27,842.0,841.226287277537
C095,3,b1c34,742.0,863.1403145743145
C095,3,b1c35,703.0,729.7476354016355
C095,3,b1c37,648.0,704.4352663540164
C096,1,b1c5,1074.0,843.3727833092836
C096,1,b1c6,636.0,682.9371364838864
C096,1,b1c7,870.0,831.9421878306875
C096,1,b1c18,691.0,665.003117965368
C096,1,b1c19,788.0,666.436672077922
C096,1,b1c20,534.0,661.9476973304472
C096,1,b1c32,731.0,666.3174498556999
C096,1,b1c33,757.0,666.5828943001444
C096,1,b1c42,702.0,695.7394389129389
C096,1,b1c43,651.0,683.4893215488216
C096,2,b1c11,788.0,941.0949268879272
C096,2,b1c14,880.0,924.392433501684
C096,2,b1c15,719.0,918.0255446127951
C096,2,b1c28,860.0,820.9024443241943
C096,2,b1c29,917.0,824.7006427368929
C096,2,b1c30,709.0,731.3346797739299
C096,2,b1c38,617.0,679.9755079365078
C096,2,b1c39,625.0,738.6807817460317
C096,2,b1c44,616.0,716.0184178691679
C096,3,b1c9,1054.0,879.4639468494461
C096,3,b1c16,862.0,873.9436730399224
C096,3,b1c17,857.0,861.3765763588258
C096,3,b1c24,1017.0,863.8502152477148
C096,3,b1c25,854.0,863.3757708032704
C096,3,b1c27,842.0,848.428203463203
C096,3,b1c34,742.0,878.6388501683497
C096,3,b1c35,703.0,736.3156480278981
C096,3,b1c37,648.0,701.2015375180378
C097,1,b1c5,1074.0,824.6866666666666
C097,1,b1c6,636.0,706.6633333333333
C097,1,b1c7,870.0,896.5133333333333
C097,1,b1c18,691.0,664.39
C097,1,b1c19,788.0,657.18
C097,1,b1c20,534.0,640.7233333333334
C097,1,b1c32,731.0,666.43
C097,1,b1c33,757.0,673.74
C097,1,b1c42,702.0,694.4533333333334
C097,1,b1c43,651.0,677.6433333333333
C097,2,b1c11,788.0,997.7333333333333
C097,2,b1c14,880.0,938.5233333333333
C097,2,b1c15,719.0,916.38
C097,2,b1c28,860.0,801.22
C097,2,b1c29,917.0,814.5733333333334
C097,2,b1c30,709.0,717.8533333333334
C097,2,b1c38,617.0,673.4933333333333
C097,2,b1c39,625.0,734.38
C097,2,b1c44,616.0,723.6433333333333
C097,3,b1c9,1054.0,878.0833333333334
C097,3,b1c16,862.0,862.08
C097,3,b1c17,857.0,828.2966666666666
C097,3,b1c24,1017.0,851.51
C097,3,b1c25,854.0,862.22
C097,3,b1c27,842.0,840.35
C097,3,b1c34,742.0,862.7466666666667
C097,3,b1c35,703.0,722.42
C097,3,b1c37,648.0,702.0
C098,1,b1c5,1074.0,843.3727833092836
C098,1,b1c6,636.0,682.9371364838864
C098,1,b1c7,870.0,831.9421878306875
C098,1,b1c18,691.0,665.003117965368
C098,1,b1c19,788.0,666.436672077922
C098,1,b1c20,534.0,661.9476973304472
C098,1,b1c32,731.0,666.3174498556999
C098,1,b1c33,757.0,666.5828943001444
C098,1,b1c42,702.0,695.7394389129389
C098,1,b1c43,651.0,683.4893215488216
C098,2,b1c11,788.0,941.0949268879272
C098,2,b1c14,880.0,924.392433501684
C098,2,b1c15,719.0,918.0255446127951
C098,2,b1c28,860.0,820.9024443241943
C098,2,b1c29,917.0,824.7006427368929
C098,2,b1c30,709.0,731.3346797739299
C098,2,b1c38,617.0,679.9755079365078
C098,2,b1c39,625.0,738.6807817460317
C098,2,b1c44,616.0,716.0184178691679
C098,3,b1c9,1054.0,879.4639468494461
C098,3,b1c16,862.0,873.9436730399224
C098,3,b1c17,857.0,861.3765763588258
C098,3,b1c24,1017.0,863.8502152477148
C098,3,b1c25,854.0,863.3757708032704
C098,3,b1c27,842.0,848.428203463203
C098,3,b1c34,742.0,878.6388501683497
C098,3,b1c35,703.0,736.3156480278981
C098,3,b1c37,648.0,701.2015375180378
C099,1,b1c5,1074.0,937.5698432828636
C099,1,b1c6,636.0,761.5794801812658
C099,1,b1c7,870.0,780.7273047598419
C099,1,b1c18,691.0,710.586342526441
C099,1,b1c19,788.0,697.6344334528411
C099,1,b1c20,534.0,589.1774197089675
C099,1,b1c32,731.0,709.0337437273324
C099,1,b1c33,757.0,717.8736526785954
C099,1,b1c42,702.0,717.3577810843955
C099,1,b1c43,651.0,718.183341605844
C099,2,b1c11,788.0,998.2404657097077
C099,2,b1c14,880.0,936.9233053189541
C099,2,b1c15,719.0,919.8218441750086
C099,2,b1c28,860.0,814.4685990133079
C099,2,b1c29,917.0,810.5581698764325
C099,2,b1c30,709.0,753.6465293179408
C099,2,b1c38,617.0,564.1177748241312
C099,2,b1c39,625.0,607.5912908447972
C099,2,b1c44,616.0,556.6083084384654
C099,3,b1c9,1054.0,883.5620293358131
C099,3,b1c16,862.0,900.8130417923867
C099,3,b1c17,857.0,845.1106595117265
C099,3,b1c24,1017.0,831.5369917546146
C099,3,b1c25,854.0,869.9892537687881
C099,3,b1c27,842.0,794.9235909329453
C099,3,b1c34,742.0,792.7313189351568
C099,3,b1c35,703.0,759.9745009804581
C099,3,b1c37,648.0,717.4537814146844
C100,1,b1c5,1074.0,936.7821645906931
C100,1,b1c6,636.0,761.7641239371704
C100,1,b1c7,870.0,780.8061594296771
C100,1,b1c18,691.0,711.0527163246373
C100,1,b1c19,788.0,698.1723647597315
C100,1,b1c20,534.0,590.3145610365423
C100,1,b1c32,731.0,709.5086954194467
C100,1,b1c33,757.0,718.2997650947357
C100,1,b1c42,702.0,717.7867436198408
C100,1,b1c43,651.0,718.607743033436
C100,2,b1c11,788.0,997.151028165347
C100,2,b1c14,880.0,936.1549000279483
C100,2,b1c15,719.0,919.1429753297825
C100,2,b1c28,860.0,814.3413178390856
C100,2,b1c29,917.0,810.4513621531886
C100,2,b1c30,709.0,753.8376882991917
C100,2,b1c38,617.0,565.3012309493286
C100,2,b1c39,625.0,608.5471369384728
C100,2,b1c44,616.0,557.8310811415982
C100,3,b1c9,1054.0,882.8393292648898
C100,3,b1c16,862.0,900.000022284518
C100,3,b1c17,857.0,844.5892755131806
C100,3,b1c24,1017.0,831.0866740794045
C100,3,b1c25,854.0,869.3376153500482
C100,3,b1c27,842.0,794.6649664557544
C100,3,b1c34,742.0,792.4841723218285
C100,3,b1c35,703.0,759.8988560318141
C100,3,b1c37,648.0,717.6007580344477
C101,1,b1c5,1074.0,930.0661673206077
C101,1,b1c6,636.0,763.3384549085677
C101,1,b1c7,870.0,781.478499246166
C101,1,b1c18,691.0,715.0291666039966
C101,1,b1c19,788.0,702.7589369553232
C101,1,b1c20,534.0,600.010187092706
C101,1,b1c32,731.0,713.558283531157
C101,1,b1c33,757.0,721.932934116564
C101,1,b1c42,702.0,721.4442136589009
C101,1,b1c43,651.0,722.2263236265891
C101,2,b1c11,788.0,987.8363371610644
C101,2,b1c14,880.0,929.5850347898486
C101,2,b1c15,719.0,913.3386467031003
C101,2,b1c28,860.0,813.2530637994846
C101,2,b1c29,917.0,809.538156119453
C101,2,b1c30,709.0,755.472097588886
C101,2,b1c38,617.0,575.4197808197666
C101,2,b1c39,625.0,616.7196210393994
C101,2,b1c44,616.0,568.2857877533842
C101,3,b1c9,1054.0,876.6602436584961
C101,3,b1c16,862.0,893.048705492241
C101,3,b1c17,857.0,840.1314423256138
C101,3,b1c24,1017.0,827.2364579563575
C101,3,b1c25,854.0,863.7661068698224
C101,3,b1c27,842.0,792.4537271757717
C101,3,b1c34,742.0,790.3710687778726
C101,3,b1c35,703.0,759.2520917209089
C101,3,b1c37,648.0,718.8574081334239
C102,1,b1c5,1074.0,886.6520421104125
C102,1,b1c6,636.0,773.5153801165281
C102,1,b1c7,870.0,785.8246959170414
C102,1,b1c18,691.0,740.7340773384263
C102,1,b1c19,788.0,732.4078500768264
C102,1,b1c20,534.0,662.685484098622
C102,1,b1c32,731.0,739.735978110428
C102,1,b1c33,757.0,745.4187767219543
C102,1,b1c42,702.0,745.0871449828257
C102,1,b1c43,651.0,745.6178624608998
C102,2,b1c11,788.0,926.4878550294093
C102,2,b1c14,880.0,886.3145430492604
C102,2,b1c15,719.0,875.1101374721926
C102,2,b1c28,860.0,806.0855975386645
C102,2,b1c29,917.0,803.523592242091
C102,2,b1c30,709.0,766.2366553244585
C102,2,b1c38,617.0,642.0626437595487
C102,2,b1c39,625.0,670.5452921868816
C102,2,b1c44,616.0,637.1426485413539
C102,3,b1c9,1054.0,835.9635074232823
C102,3,b1c16,862.0,847.2658948948305
C102,3,b1c17,857.0,810.7712306419842
C102,3,b1c24,1017.0,801.8781379735316
C102,3,b1c25,854.0,827.0709992931625
C102,3,b1c27,842.0,777.8900477800241
C102,3,b1c34,742.0,776.4537316435419
C102,3,b1c35,703.0,754.9923681559808
C102,3,b1c37,648.0,727.1339656818532
C103,1,b1c5,1074.0,816.747942195691
C103,1,b1c6,636.0,789.9019546039219
C103,1,b1c7,870.0,792.8228092006539
C103,1,b1c18,691.0,782.1233403853893
C103,1,b1c19,788.0,780.1476254419588
C103,1,b1c20,534.0,763.6033352098425
C103,1,b1c32,731.0,781.8865032804406
C103,1,b1c33,757.0,783.2349639679213
C103,1,b1c42,702.0,783.15627169084
C103,1,b1c43,651.0,783.2822046517389
C103,2,b1c11,788.0,823.3811623711651
C103,2,b1c14,880.0,813.59102751886
C103,2,b1c15,719.0,810.8605421261292
C103,2,b1c28,860.0,794.0394357557735
C103,2,b1c29,917.0,793.4150815238355
C103,2,b1c30,709.0,784.3283489976898
C103,2,b1c38,617.0,754.0674554230478
C103,2,b1c39,625.0,761.0086050397929
C103,2,b1c44,616.0,752.868464991723
C103,3,b1c9,1054.0,767.5656313977127
C103,3,b1c16,862.0,770.3199947311152
C103,3,b1c17,857.0,761.4263370560518
C103,3,b1c24,1017.0,759.2591127923113
C103,3,b1c25,854.0,765.3985495844902
C103,3,b1c27,842.0,753.4132756863305
C103,3,b1c34,742.0,753.0632490648347
C103,3,b1c35,703.0,747.8331688871938
C103,3,b1c37,648.0,741.0441464355157
C104,1,b1c5,1074.0,947.43034335753
C104,1,b1c6,636.0,750.870948768227
C104,1,b1c7,870.0,770.1089736312191
C104,1,b1c18,691.0,701.949406145258
C104,1,b1c19,788.0,690.0397353016733
C104,1,b1c20,534.0,597.9188644324879
C104,1,b1c32,731.0,700.5109705693301
C104,1,b1c33,757.0,708.7404441741136
C104,1,b1c42,702.0,708.2575504564129
C104,1,b1c43,651.0,709.0304939026516
C104,2,b1c11,788.0,1011.8148217873553
C104,2,b1c14,880.0,936.2958881048224
C104,2,b1c15,719.0,916.2574043625146
C104,2,b1c28,860.0,801.9290670646776
C104,2,b1c29,917.0,797.9718080480329
C104,2,b1c30,709.0,742.5403177791509
C104,2,b1c38,617.0,584.2410904053057
C104,2,b1c39,625.0,617.272090916529
C104,2,b1c44,616.0,578.7171650130886
C104,3,b1c9,1054.0,882.0438935659962
C104,3,b1c16,862.0,902.3508814840808
C104,3,b1c17,857.0,838.4103454393336
C104,3,b1c24,1017.0,823.5284122298116
C104,3,b1c25,854.0,866.3884769949129
C104,3,b1c27,842.0,784.6901823948309
C104,3,b1c34,742.0,782.4236944228144
C104,3,b1c35,703.0,749.3272757833696
C104,3,b1c37,648.0,708.444994275336
C105,1,b1c5,1074.0,946.4448784987673
C105,1,b1c6,636.0,751.0541479880186
C105,1,b1c7,870.0,770.1892103097881
C105,1,b1c18,691.0,702.3820638871147
C105,1,b1c19,788.0,690.5303335322751
C105,1,b1c20,534.0,598.8178520282587
C105,1,b1c32,731.0,700.9506856564152
C105,1,b1c33,757.0,709.13956499005
C105,1,b1c42,702.0,708.6590678540215
C105,1,b1c43,651.0,709.428174344142
C105,2,b1c11,788.0,1010.4213056548575
C105,2,b1c14,880.0,935.3861837794091
C105,2,b1c15,719.0,915.4708572071959
C105,2,b1c28,860.0,801.799953156487
C105,2,b1c29,917.0,797.8639956444707
C105,2,b1c30,709.0,742.7199048728661
C105,2,b1c38,617.0,585.1164313855851
C105,2,b1c39,625.0,618.0189438188395
C105,2,b1c44,616.0,579.6130575178
C105,3,b1c9,1054.0,881.2032150027405
C105,3,b1c16,862.0,901.383423265445
C105,3,b1c17,857.0,837.8337732681489
C105,3,b1c24,1017.0,823.0392450735155
C105,3,b1c25,854.0,865.6438798202918
C105,3,b1c27,842.0,784.4224613741833
C105,3,b1c34,742.0,782.1685920059467
C105,3,b1c35,703.0,749.2524900899309
C105,3,b1c37,648.0,708.5823937988218
C106,1,b1c5,1074.0,938.0840140283318
C106,1,b1c6,636.0,752.6179787577779
C106,1,b1c7,870.0,770.8736731659862
C106,1,b1c18,691.0,706.0818874632641
C106,1,b1c19,788.0,694.7275198443809
C106,1,b1c20,534.0,606.5380053058744
C106,1,b1c32,731.0,704.7110624636214
C106,1,b1c33,757.0,712.5517360611436
C106,1,b1c42,702.0,712.0917894383413
C106,1,b1c43,651.0,712.8279947059561
C106,2,b1c11,788.0,998.5848259842032
C106,2,b1c14,880.0,927.6442087178948
C106,2,b1c15,719.0,908.7733854182575
C106,2,b1c28,860.0,800.6968775886467
C106,2,b1c29,917.0,796.9427940801589
C106,2,b1c30,709.0,744.2571488527639
C106,2,b1c38,617.0,592.6543420552051
C106,2,b1c39,625.0,624.441540759549
C106,2,b1c44,616.0,587.3297815550321
C106,3,b1c9,1054.0,874.0480471058178
C106,3,b1c16,862.0,893.1538890006926
C106,3,b1c17,857.0,832.9202411085319
C106,3,b1c24,1017.0,818.868710651249
C106,3,b1c25,854.0,859.3036433490906
C106,3,b1c27,842.0,782.1371725662441
C106,3,b1c34,742.0,779.9908592360506
C106,3,b1c35,703.0,748.6133770573394
C106,3,b1c37,648.0,709.7582481929626
C107,1,b1c5,1074.0,885.7905168318404
C107,1,b1c6,636.0,762.8058836808616
C107,1,b1c7,870.0,775.3129355098189
C107,1,b1c18,691.0,730.4733254579877
C107,1,b1c19,788.0,722.4816697553313
C107,1,b1c20,534.0,658.9017293891378
C107,1,b1c32,731.0,729.5106886154359
C107,1,b1c33,757.0,735.0085784970958
C107,1,b1c42,702.0,734.6866020724908
C107,1,b1c43,651.0,735.2019357178883
C107,2,b1c11,788.0,924.0167273678057
C107,2,b1c14,880.0,878.2303407268959
C107,2,b1c15,719.0,865.8699875346293
C107,2,b1c28,860.0,793.4696085228126
C107,2,b1c29,917.0,790.9020840944523
C107,2,b1c30,709.0,754.4615488145624
C107,2,b1c38,617.0,644.7856390926453
C107,2,b1c39,625.0,668.4421847023278
C107,2,b1c44,616.0,640.784929139643
C107,3,b1c9,1054.0,828.3523109944769
C107,3,b1c16,862.0,840.7979242097573
C107,3,b1c17,857.0,801.2707725905467
C107,3,b1c24,1017.0,791.9237055850944
C107,3,b1c25,854.0,818.6899610394954
C107,3,b1c27,842.0,767.2512151661753
C107,3,b1c34,742.0,765.7985521100395
C107,3,b1c35,703.0,744.4176441592314
C107,3,b1c37,648.0,717.5515663043506
C108,1,b1c5,1074.0,807.6451014009458
C108,1,b1c6,636.0,779.5007389560409
C108,1,b1c7,870.0,782.5146847602496
C108,1,b1c18,691.0,771.5307129752988
C108,1,b1c19,788.0,769.5193913678984
C108,1,b1c20,534.0,752.8814122343504
C108,1,b1c32,731.0,771.289330501164
C108,1,b1c33,757.0,772.6646805805635
C108,1,b1c42,702.0,772.5843517740824
C108,1,b1c43,651.0,772.7129077204577
C108,2,b1c11,788.0,811.0218547266368
C108,2,b1c14,880.0,801.0392816608529
C108,2,b1c15,719.0,798.2771035507769
C108,2,b1c28,860.0,781.4695891842916
C108,2,b1c29,917.0,780.852597225151
C108,2,b1c30,709.0,771.9279530132226
C108,2,b1c38,617.0,742.935820428717
C108,2,b1c39,625.0,749.4881949204628
C108,2,b1c44,616.0,741.8098018552342
C108,3,b1c9,1054.0,756.870264964113
C108,3,b1c16,862.0,759.6258942625684
C108,3,b1c17,857.0,750.7640677275467
C108,3,b1c24,1017.0,748.6203121410699
C108,3,b1c25,854.0,754.7092153989145
C108,3,b1c27,842.0,742.8682547098362
C108,3,b1c34,742.0,742.5252490255575
C108,3,b1c35,703.0,737.4188978698263
C108,3,b1c37,648.0,730.8428260625489
C109,1,b1c5,1074.0,850.7810727513227
C109,1,b1c6,636.0,723.9052407407409
C109,1,b1c7,870.0,864.7762668350166
C109,1,b1c18,691.0,668.3258888888889
C109,1,b1c19,788.0,650.038888888889
C109,1,b1c20,534.0,620.9289603174603
C109,1,b1c32,731.0,668.3258888888889
C109,1,b1c33,757.0,668.3258888888889
C109,1,b1c42,702.0,668.3258888888889
C109,1,b1c43,651.0,668.3258888888889
C109,2,b1c11,788.0,1014.2462777777774
C109,2,b1c14,880.0,953.8372301587303
C109,2,b1c15,719.0,904.9676507936506
C109,2,b1c28,860.0,791.6081849724349
C109,2,b1c29,917.0,791.6081849724349
C109,2,b1c30,709.0,688.8638625818629
C109,2,b1c38,617.0,608.4475992063492
C109,2,b1c39,625.0,706.0612466329966
C109,2,b1c44,616.0,608.4475992063492
C109,3,b1c9,1054.0,829.0255608465607
C109,3,b1c16,862.0,833.50464021164
C109,3,b1c17,857.0,811.4294042809042
C109,3,b1c24,1017.0,810.1838487253486
C109,3,b1c25,854.0,811.6013407888407
C109,3,b1c27,842.0,862.0329688552192
C109,3,b1c34,742.0,862.0329688552192
C109,3,b1c35,703.0,704.6534624819625
C109,3,b1c37,648.0,693.1916364838864
C110,1,b1c5,1074.0,883.9194527417031
C110,1,b1c6,636.0,685.172946007696
C110,1,b1c7,870.0,833.0835192400198
C110,1,b1c18,691.0,664.6997343674843
C110,1,b1c19,788.0,664.3680677008177
C110,1,b1c20,534.0,661.518512145262
C110,1,b1c32,731.0,664.6997343674843
C110,1,b1c33,757.0,664.6997343674843
C110,1,b1c42,702.0,664.6997343674843
C110,1,b1c43,651.0,664.6997343674843
C110,2,b1c11,788.0,943.214981481482
C110,2,b1c14,880.0,943.214981481482
C110,2,b1c15,719.0,928.6132870370377
C110,2,b1c28,860.0,808.7168820346321
C110,2,b1c29,917.0,808.7168820346321
C110,2,b1c30,709.0,697.6888963443965
C110,2,b1c38,617.0,689.5310894660895
C110,2,b1c39,625.0,689.5310894660895
C110,2,b1c44,616.0,689.5310894660895
C110,3,b1c9,1054.0,877.0791201298699
C110,3,b1c16,862.0,877.0791201298699
C110,3,b1c17,857.0,862.3462153679649
C110,3,b1c24,1017.0,862.0014931457426
C110,3,b1c25,854.0,862.3462153679649
C110,3,b1c27,842.0,860.1992669552665
C110,3,b1c34,742.0,860.1992669552665
C110,3,b1c35,703.0,724.906236772487
C110,3,b1c37,648.0,698.2255640933143
C111,1,b1c5,1074.0,833.2666666666667
C111,1,b1c6,636.0,725.6966666666667
C111,1,b1c7,870.0,885.6433333333333
C111,1,b1c18,691.0,668.6633333333333
C111,1,b1c19,788.0,650.13
C111,1,b1c20,534.0,619.38
C111,1,b1c32,731.0,668.6633333333333
C111,1,b1c33,757.0,668.6633333333333
C111,1,b1c42,702.0,668.6633333333333
C111,1,b1c43,651.0,668.6633333333333
C111,2,b1c11,788.0,1019.1433333333333
C111,2,b1c14,880.0,976.2533333333333
C111,2,b1c15,719.0,902.32
C111,2,b1c28,860.0,774.4066666666666
C111,2,b1c29,917.0,774.4066666666666
C111,2,b1c30,709.0,674.06
C111,2,b1c38,617.0,611.8033333333333
C111,2,b1c39,625.0,726.1033333333334
C111,2,b1c44,616.0,611.8033333333333
C111,3,b1c9,1054.0,847.0233333333333
C111,3,b1c16,862.0,839.0466666666666
C111,3,b1c17,857.0,781.1666666666666
C111,3,b1c24,1017.0,778.3433333333334
C111,3,b1c25,854.0,782.0866666666667
C111,3,b1c27,842.0,863.34
C111,3,b1c34,742.0,863.34
C111,3,b1c35,703.0,688.9266666666666
C111,3,b1c37,648.0,684.3433333333334
C112,1,b1c5,1074.0,883.9194527417031
C112,1,b1c6,636.0,685.172946007696
C112,1,b1c7,870.0,833.0835192400198
C112,1,b1c18,691.0,664.6997343674843
C112,1,b1c19,788.0,664.3680677008177
C112,1,b1c20,534.0,661.518512145262
C112,1,b1c32,731.0,664.6997343674843
C112,1,b1c33,757.0,664.6997343674843
C112,1,b1c42,702.0,664.6997343674843
C112,1,b1c43,651.0,664.6997343674843
C112,2,b1c11,788.0,943.214981481482
C112,2,b1c14,880.0,943.214981481482
C112,2,b1c15,719.0,928.6132870370377
C112,2,b1c28,860.0,808.7168820346321
C112,2,b1c29,917.0,808.7168820346321
C112,2,b1c30,709.0,697.6888963443965
C112,2,b1c38,617.0,689.5425061327561
C112,2,b1c39,625.0,689.5425061327561
C112,2,b1c44,616.0,689.5425061327561
C112,3,b1c9,1054.0,877.0791201298699
C112,3,b1c16,862.0,877.0791201298699
C112,3,b1c17,857.0,862.3462153679649
C112,3,b1c24,1017.0,862.0014931457426
C112,3,b1c25,854.0,862.3462153679649
C112,3,b1c27,842.0,860.1992669552665
C112,3,b1c34,742.0,860.1992669552665
C112,3,b1c35,703.0,724.8542129629632
C112,3,b1c37,648.0,698.1735402837905
